after_treatment,text
老公 华为 苹果 手机 都 这家 买 已经 买 好几套 手机 手机 正品 拿到 手 试用 几天 手机 反应 快,老公的华为我的苹果手机都是在这家买已经买了好几套手机。手机是正品。拿到手试用了几天手机反应快。
手机 收到 很 好 正品 特别 专员 海宝 很 亲切 服务态度 很 好,手机收到，很好正品，特别是专员海宝很亲切，服务态度很好。
拍照 效果 满足 需要 显示 效果 很漂亮 喜欢 电池 续航 之前 我用 苹果 手机电池 更 耐用 运行 速度 很快 通信 音质 好,拍照效果：满足了我的需要 显示效果：很漂亮我喜欢 电池续航：比之前我用的苹果手机电池更耐用 运行速度：很快 通信音质：好
刚 拿到 安卓转 苹果 操作 好 费劲 体验 看看 再 评价,刚拿到，安卓转苹果，操作好费劲啊。体验看看再来评价
钢化 膜 打开 样子 中间 已经 折断,这个钢化膜一打开就是这样子，中间已经被折断了
手机 收到 很 满意,手机收到了，很满意！
还 不错,还不错
服务 不错 手机 行,服务不错，手机也行
宝贝 非常 好 非常 喜欢 绝对 正品,宝贝非常好，也非常喜欢，绝对的正品。
服务站 工作人员 太 冷漠 感觉 开个 快递 站 天 没有 一点 好 服务态度 从家淋 中雨 开 电瓶车 去 快递 最后 还 故意 不理 说 几遍 才 快 递给 这种 人 不 应该 干 上司 压根 没人管,服务站的工作人员太冷漠了，自己感觉给开个快递站自己就是天，没有一点好的服务态度，从家淋中雨开电瓶车去拿快递，最后她还故意不理我，我说了几遍才把快递给我，这种人就不应该干这个，就不怕上司，压根就没人管吧！
拍照 效果 显示 效果 差 电池 续航 好 运行 速度 快 通信 音质 好 特色 信号 不行,拍照效果：一般 显示效果：差 电池续航：好 运行速度：快 通信音质：好 其他特色：信号不行
查 下 正品 不错 卖家 送 钢化 膜 不行 拍照 效果 满意 运行 速度 非常 快 电池 续航 刚 到手 还 不 知道 续航,查了下是正品，不错，就是卖家送的钢化膜不行 拍照效果：满意 运行速度：非常快 电池续航：刚到手，还不知道续航怎么样
手机 收到 正品,手机收到 是正品
还行 客服 挺 好 问 再 问题 不会 烦,还行吧！客服挺好的，问再多问题也不会烦。
怀着 忐忑 心情 去 验货 正品 全新 机 大家 放心 买,怀着忐忑的心情去验货了，正品，全新机。大家可以放心买😀😀
第二次 购买 谱 正品 广角 摄像头 真的 很棒,第二次购买了，靠谱，正品，广角摄像头真的很棒
还 正品 电池 不 耐用,还可以是正品。就是电池不耐用
很 好 放心 真品 之前 买,很好，用了放心了，真品，和之前买的一样。
手机 两天 质量 没 问题 拍照 上网 速度 都 很 好 赠品 充电器 瑕疵 售后 已经 解决 态度 非常 好 以后 还 回来 光顾,手机用了两天质量没问题拍照上网速度都很好，就是赠品充电器有些瑕疵，售后已经解决了而且态度非常好，以后还回来光顾
售后服务 态度 很 好,售后服务态度很好
售后服务 态度 很 好,售后服务态度很好
很 习惯 这家 买 数码产品 很 安心,很习惯这家买数码产品～ 很安心
正品 实体店 买 店家 服务态度 忒 好 年后 再 买 一台 希望 店家 优惠,是正品，跟实体店买的一样，店家服务态度忒别好，年后再买一台，希望店家给个优惠
手机 已 收到 正名 很 喜欢 很 流畅,手机已收到。是正名很喜欢！用着很流畅
手机 上 手 感觉 很 不错 第一次 网上 买 没 失望,手机上手感觉很不错，第一次在网上买没让我失望。
服务 特别 好,服务特别好
非常 流畅 还 颜色 非常 好看 还 体验 中 应该 正品,非常流畅还可以，颜色也非常好看，还在体验中应该是正品
还 行 应该 正品 不卡 有点 问题 APP 下载 不了 后来 官网 客服 解决,还行，应该是正品，用着不卡，一开始有点问题，APP下载不了，后来打给官网客服，解决了！！
收到 货 老公 很 喜欢,收到货了，老公很喜欢。
宝贝 不错 星期 感觉 很 好 的确 正品 … … 多话 不 说,宝贝不错，用了一个星期，感觉很好👍🏽，的确是正品……多话不说了，总而言之，👍👍👍
实体店 便宜 送 老婆 新年礼物,比实体店便宜，送老婆的新年礼物，哈哈
实体店 便宜 送 老婆 新年礼物,比实体店便宜，送老婆的新年礼物，哈哈
显示 效果 很 好 不错 运行 速度 挺快,显示效果：很好，不错 运行速度：还是挺快的
速度 好快 赠品 很多 正品 未激活 好评,速度好快，赠品也很多！而且是正品未激活，好评呢
一如既往 丑,一般吧，还是一如既往的丑
目前 还行 拍照 效果 清晰,目前用着还行 拍照效果： 清晰
好用 客服 快递,好用！客服也好！快递也好！
刚 拿到 新机 有个 划痕 印子 刚 拿到 新机 遇到 外观 瑕疵 太 难受 感受 一副 崭新 眼镜 上 划痕 以后 看 东西 都 划痕,刚拿到的新机，有个像划痕的印子，刚拿到的新机就遇到外观的瑕疵，太**难受了。那感受就像一副崭新的眼镜上有个划痕，以后看什么东西都有划痕。
快递 速度 超超 超级 速度 手机 朋友 买 收到 后 很 满意 客服 方敏 米粒 都 非常 好 很 耐心 回答 问题,快递速度超超超级速度，手机是给朋友买的，他收到后很满意。客服方敏，米粒，都非常好，很有耐心回答我的问题。
手机 不错 发货 速度快,手机不错发货速度快
垃圾 手机 壳 膜 没 送 送个 无线 充 坏 退货 不 退 实体店 买 谱,垃圾手机，壳膜又没送，送个无线充还是坏的。 退货又不给退，还是在实体店买靠谱
正版 机 验过 当天 晚上 下单 同城 闪送 晚上 拿到 客服 很 送 很多 配件 满满的 正 能量 后面 老婆 要换 手机 还来 这家 服务 贴心 苍兰 小姐姐 售后 客服 非常 棒 赞赞赞,是正版机，验过了，当天晚上下单，同城闪送晚上就拿到了，客服很送了很多配件，满满的正能量。后面老婆👌🏻要换手机还来这家。服务也贴心，苍兰小姐姐的售后客服也非常棒呢，赞赞赞
收到 手机 以后 想象 中 奶 黄色 温暖 颜色 看上去 很 舒服 手感 特别 棒,收到手机以后和想象中的一样，奶黄色，温暖的颜色。看上去很舒服，手感特别棒！
拍照 效果 非常 好 正品,拍照效果：非常好，正品
女朋友 特别 喜欢,女朋友特别喜欢
非常 满意 物流 给力 手机 正品,非常满意，物流给力，手机正品。
非常 好 发货 快递 都 很快 老婆 买,非常好，发货和快递都很快，给老婆买的
手机 验证 正品 满意,手机验证了是正品，满意
很 满意 颜色 特别 喜欢 仓兰 服务 很 好,很满意，颜色特别喜欢，仓兰的服务也很好
送人 应该 还 不错,送人的，应该还不错😂
货已 收到 很 喜欢 客服 颖儿 非常 好 点个 赞,货已收到，很喜欢，客服颖儿非常好，给她点个赞
直播间 买 很 喜欢,在直播间买的，很喜欢
正品,正品
手机 很 不错 挺 喜欢 紫色 米粒 服务 好 棒棒,手机很不错。挺喜欢紫色的。米粒服务好棒棒
手机 收到 很 满意 正品 物流 快 赠送 礼品 很 喜欢 客服 服务周到 热情 很 满意 一次 购物,手机收到很满意，是正品，物流快，赠送的礼品也很喜欢，客服服务周到热情，很满意的一次购物！
电话 不错 挺 好 不 懂 还 误解 实在 不好意思 谢谢 小灰 苍兰 细心 答复 机器 正品 以后 还会 光顾 碰到 好心人 真是 幸运 感谢 不 说 孩子 很 喜欢 谢谢,电话不错，挺好的，我开始不懂还误解他们了，实在不好意思了，谢谢小灰还有苍兰细心答复，机器正品，以后还会光顾的！碰到你们好心人真是幸运，感谢的话就不说了，孩子很喜欢，谢谢
完美 价格 实惠 不坑 正品 国行 三码 一致 爱思 全绿 客服 熊二 棒棒 哒 服务 耐心 细致,完美！！！价格实惠不坑，正品国行，三码一致，爱思全绿！！客服熊二棒棒哒，服务耐心细致！！
都 这家 买 值得 信赖 商家 手机 国行 正品,都是这家买的，值得信赖的商家，手机是国行正品
正品 很 好,正品 很好用
买 没 看 这家 评价 服务 新手机 到手 出现 问题 后 才 来看 评价 确实 遭遇 相似 01 赠品 问题 手机 赠品 烂 一塌糊涂 送 还 不送 无限 充电器 完全 充不 进去 电 最 主要 线 还 特短 手机 膜 尽然 不是 全屏 贴上去 逼格 完全 下降 不少 02 客服 服务 问题 服务态度 确实 人 感到 无语 出现 问题 客服 反应 客服 总是 推三阻四 好好 检查 最后 不了了之 完全 店大欺客 态度 03 价格 问题 买 两天 第三天 降价 最 主要 反映 客服 后 客服 说辞 人 感到 肉疼 具体 内容 体会 04 手机 质量 问题 手机信号 确实 硬伤 最后 总结 本人 太懒 客服 强调 寄 回来 退换货 来回 折腾 6 天 快递 实在 人 难受 大家 不 着急 购买 手机 建议 实体店 购买 看 直播 购买 优惠 只能 呵呵 直播 购买 快 看 粗大 耳机 短小 无线 充电,买的时候没怎么看这家得评价服务 新手机到手出现问题后才来看评价 确实和他们遭遇的相似 01.赠品问题 手机赠品烂的一塌糊涂送了还不如不送（无限充电器完全充不进去电 最主要的是线还特短 手机膜尽然不是全屏的贴上去逼格完全下降了不少 ）02.客服服务问题 服务态度确实让人感到无语（无论出现啥问题和客服反应 客服总是推三阻四让自己好好检查 最后还是不了了之 完全是店大欺客的态度）03.关于价格问题 买了两天第三天就降价 最主要的是反映客服后（客服的说辞让人感到肉疼 具体的内容可自己体会）04 关于手机质量问题 （手机信号确实是个硬伤 ）最后总结 本人也是太懒了 客服一直强调可以寄回来退换货 可是来回折腾6天的快递 实在让人难受 如果大家要是不着急购买手机 我建议还是实体店购买 看直播购买有优惠 我只能呵呵 因为我也是直播购买的 快看这粗大的耳机 和短小的无线充电 👇👇👇
物流 速度快 次日 收到,物流速度快，次日收到！
触摸屏 反应 不是 很快 膜 都 没 送 套 都 没有 四五天 到货,触摸屏反应不是很快。膜都没送一个，套都没有。四五天在到货
手机 不错 客服 小加 服务 更好,手机到了用着不错，客服小加服务更好哦
蓝牙 耳机 垃圾 音效 特别 差 就算 赠送 不能 点心 实体店 买 不会 送 差,蓝牙耳机是垃圾 音效特别差 就算是赠送的能不能用点心啊！ 在实体店买不会送这么差的吧！😓
一如既往 好,一如既往的好
手机 真 不赖 超级 喜欢 尤其 客服 漂亮 丫头 服务态度 更是 棒棒 哒,这个手机真不赖超级喜欢尤其是客服“漂亮的丫头 ”的服务态度更是棒棒哒 ”。
手机 挺 好 送 无线 充的线 太短 15 公分 长 希望 店家 采纳 意见 做 越来越 好,手机挺好的 就是送的无线充的线 太短了 只有15公分长 希望店家能采纳意见 望你做的越来越好
非常 好 25 号 显示 25 号 激活 他家 买过 4 部 苹果 没 出过 一次 问题,非常好，25号到的显示25号激活的，在他家买过4部苹果了没出过一次问题
很 nice 苹果 好 包装 很 诚意,很nice，苹果就是好，包装就很有诚意
配件 以次充好 地摊货,配件以次充好地摊货
第一次 来个 长评 不 知道 运气 不好 所有 11 机子 都 问题 1 买回来 半个 月 以内 出现 两次 刷 视频 忽然 卡住 自动关机 2 声音 时有时无 明明 开 声音 3 动不动 点 屏幕 卡住 不 动 没有 反应 现在 几率 越来越 高 4 信号 非常 差 室外 没有 满格过 5 服务 少发 赠品 不会 提前 告知 客服 答非所问 问 啥时候 补发 回复 都 不 知道 快捷 回复 参考 一下,第一次来个长评吧，我不知道是我运气不好还是所有11的机子都有这些问题，1买回来半个月以内出现两次刷视频忽然卡住自动关机，2声音时有时无、我明明开了声音，3动不动点屏幕就卡住不动没有任何反应，现在几率越来越高，4，信号非常差；我除非在室外，不然就没有满格过，5服务，少发赠品不会提前告知并且客服答非所问，我问啥时候补发回复的都是不知道要么就是快捷回复。。各位参考一下。。
机器 收到 快递 挺快 很 满意 兰兰 服务态度 好 回复 消息 及时,机器收到了，快递挺快的，其他我也很满意，兰兰服务态度好 回复消息及时
客服 很 耐心 讲解 手机 宣传 很 不错,客服很耐心讲解，手机也跟宣传的一样，很不错，
货已 正品 喜欢,货已到，正品，喜欢！
买 两个 还行,买了两个还行吧
客服 兰兰 服务态度 非常 好,客服兰兰服务态度非常好👍。
拍照 效果 很 清晰 显示 效果 很 好 电池 续航 一天 一充 运行 速度 很快,拍照效果：很清晰 显示效果：很好 电池续航：一天一充 运行速度：很快
物流 有点 慢,就是物流有点慢
机子 收到 正品 很 失望 奔 次日 达 保证 客服 讲 第二天 晚上 急用 居然 发 顺丰 特惠 标准 快递 几块钱 事 耽误 大事 做事 太 差劲,机子收到是正品，但是让我很失望的是，奔着他次日达的保证来的，也跟客服讲了第二天晚上急用，居然给发了个顺丰特惠，标准快递就那几块钱的事，耽误我大事，做事太差劲了
物流 太慢,物流太慢。
手机 正品 值得 购买 配件 不 知道,手机是正品值得购买就是配件那就不知道了
手机 很 好 系统 很 流畅 发货 快 隔天 收到 客服 苍兰 服务态度 很 好 小 问题 很快 解决 满意,手机很好用，系统很流畅，发货快隔天就收到了，客服苍兰服务态度也很好，有小问题很快就解决了，满意。
手机 半天 充电 发烫 玩儿 游戏 发烫 what f ck 鬼,手机用了半天，充电发烫，玩儿游戏也发烫，what f🌟ck？什么鬼？
耳机 废,耳机是废的
一下 看 百度 卡 几次,用了一下，看百度时候卡了几次。
机子 完美 运行 客服 毛毛 很 热情 很 满意,机子完美运行，客服毛毛也很热情，总的来说很满意
第四次 能良 买 电子产品 质量 保证 物流 快捷 客服 毛毛 更 力,第四次在能良买电子产品的。质量有保证。物流也快捷，客服毛毛更给力！
垃圾 中 垃圾 商家 说 赠送 视频 会员 10 块钱 一年 第三方 垃圾 赠品 全是 垃圾 无线 充电 随时 都 爆炸 危险 通电 高温,垃圾中的垃圾商家 说赠送的视频会员就是10块钱一年的第三方垃圾！赠品全是垃圾 无线充电随时都有爆炸的危险 通电就高温！
手机 非常 好 手机 非常 好 手机 充电 头子 坏 客服 去 网点 处理 寄来 无线耳机 好像 别人 使用 有点 脏,手机非常好手机非常好。但手机充电头子坏。客服要我自己去网点处理寄来的无线耳机好像别人使用过的，有点脏。
很 好 一如 继往 好 店铺 购买 几个 手机 真心 不错,很好，一如继往的好，在本店铺购买几个手机了，真心不错。
很 好 网上 说 毛病 都 没 遇到 客服 豆子 豆子 豆子 很 好 很 好,很好，网上说的那些毛病我都没遇到还有就是客服：豆子豆子豆子很好很好
说好 无线 充电,说好的无线充电呢？
收到 还 没有 启动 应该 不错 感谢 小鱼儿 热情服务,收到了 还没有启动 不过应该是不错的 同时也感谢小鱼儿的热情服务！
宝山 虹桥 快递 竟然 两天 明明 还 卖家 沟通 好 说 手机 丢 着急,宝山到虹桥快递竟然要两天，明明还跟卖家沟通好了说手机丢了着急用。
服务态度 好 耐心 解释 拍 喜欢 颜色,服务态度好耐心的解释 .拍了自己喜欢的颜色
不错 赠送 膜 小 一圈,不错，就是赠送的膜小了一圈
赠品 算是 地摊货 客服 答非所问,赠品算是地摊货。客服答非所问。
非常 完美,非常完美
挺 好 安敏,挺好的。安敏
全新 机未 拆封 音质 很 好 物流 特别 快 还 送 小 礼物 特别 实惠 售后服务 态度 很 好 毛毛 很 耐心 解答 问题 非常感谢 放心 购买,全新机未拆封，音质很好，物流特别快，还送了小礼物 特别实惠！售后服务态度很好，毛毛很耐心的解答各种问题，非常感谢！可以放心购买
全新 机未 拆风 音质 很 好 物流 特别 快 还 送 小 礼品 特别 实惠 米粒 服务 很 好 美丽 很 耐心 解答 问题 非常感谢 放心 购买,全新机未拆风音质很好，物流特别快。还送了小礼品特别实惠。米粒服务很好。美丽很耐心的解答各种问题，非常感谢可以放心购买。
收到 几天 可能 用安卓 习惯 感觉 新手机 不太 习惯 手机 没话说 手机 运行 快 手感 好 喜欢 ｢ ･ ω ･ ｢,收到用了几天，可能用安卓的用习惯了，感觉用新手机不太习惯，但是手机没话说，手机运行快，手感好喜欢(｢･ω･)｢嘿
特色 棒 运行 速度 很快 拍照 效果 非常 好 显示 效果 非常 好,其他特色：棒 运行速度：很快 拍照效果：非常好 显示效果：非常好
3 号 货 两天 才 评价 听说 11 发烫 激活 一会 发烫 现在 不会 整体 感觉 挺好用 搞 活动 送 蓝牙 耳机 挺不错 值得 信赖 谢谢 快递 小哥 辛苦,3号到的货 用了两天才来评价 听说11发烫 也就激活的那一会发烫 不过现在不会了 整体感觉挺好用得 搞活动送了个蓝牙耳机挺不错 值得信赖 同时也谢谢快递小哥 辛苦了
东西 蛮 好 特别 好 买买 买 大家 快 买买 买买 都 好 东西,东西蛮好的，特别好可以买买买，大家快来买买买买，都是好东西
拍照 效果 拍照 效果 很棒 运行 速度 杠杠 感觉 都 挺不错,拍照效果：拍照效果还是很棒的运行的速度也是杠杠的感觉都挺不错的。
物流 速度 非常 快 手机 正品 运行 起来 非常 流畅 已经 一段时间 没有 出现 问题,物流速度非常快，手机是正品，运行起来非常流畅，已经用了一段时间，没有出现任何问题！！！
官方 快充 买 以外 都 挺不错,除了官方的快充自己买以外其他的都挺不错的
手机 很 不错 设置 时 很 容易 礼包 不错 一段时间 再 评价,手机很不错，设置时也很容易。还有礼包不错哈。用一段时间再来评价吧。
收到 货 喜欢 都 很 好 他家 买 手机 质量 保证,收到货喜欢都很好，一直在他家买的手机质量有保证
手机 正品 客服 小九 态度 真的 很 不错 帮 及时 安排 发货 还 送 很多 东西 非常 满意,手机是正品，客服小九态度真的很不错，帮我及时安排了发货，还送了很多东西，非常满意。
很快 收到 颜色 好好看 不错 不错,很快就收到啦，颜色好好看，不错不错
颜色 爱 爱 … … 超级 喜欢,这颜色爱了爱了……超级喜欢
手机 收到 糖果 色 真的 好看 少女 心 十足 送 礼物 很棒 无线 充电 很 好 谢谢 卖家,手机收到了。糖果色真的好看。少女心十足。而且送的礼物很棒。无线充电也很好用。谢谢卖家。
手机 收到 正品 店里 前前后后 买 八部 手机 说 忠粉,手机收到了，是正品，我在这店里前前后后买了八部手机，可以说是忠粉了。
拍照 效果 拍照 效果 不错 电池 续航 续航 不错 运行 速度 速度 非常 nice,拍照效果：拍照效果不错 电池续航：续航不错 运行速度：速度非常nice
收到 体验 感 还 不错,收到了，体验感还不错
买 第八天 降价 客服 告诉 7 天内 降价 退 给力 嗷 得亏 看 评价 挺 好 整一 购买 需谨慎 想 问 一下 8 天前 我整 11 价格 一天 一变 ❕,买了第八天降价，客服告诉我7天内降价可以退，给力嗷！得亏看评价挺好，整一**哈，购买需谨慎哦。 我想问一下这8天前就我整了个11？价格一天一变🐮🍺❕
非常 好用,非常好用
非常 好用,非常好用
非常 好用,非常好用
运行 速度 王者 荣耀 贼 6,运行速度：打王者荣耀贼6
这家 买 四 部手机 都 正品,在这家买了四部手机了都是正品
不错 值得 入手 商家 服务态度,不错，值得入手，商家服务态度可以。
还 不错 用惯 6s 感觉 手机 大 很多,还不错 就是用惯6s了 感觉这个手机大很多
老店 值得 信赖 算是 本店 粉丝 再 店里 淘过 不少,老店值得信赖，我算是本店的粉丝吧！再店里淘过不少了
使用 几天 没 发现 问题 应该 正品 新货,使用了几天，没发现问题，应该正品新货吧。
手机 还 不错 客服 叶子 很 热心,手机用的还不错。客服叶子很热心，
电池 续航 续航 抗抗,电池续航：续航抗抗
拍照 效果 清晰 清透 显示 效果 很 清楚 电池 续航 运行 速度 快 通信 音质 特色 白色 耐看 手感 柔软 运行 流畅,拍照效果：清晰清透 显示效果：很清楚 电池续航：一般 运行速度：快 通信音质：一般 其他特色：白色耐看。手感柔软。运行流畅。
很 好 第二次 买手机,很好 用。第二次在这个买手机 了
拍照 效果 牛 逼 显示 效果 没有 差 电池 续航 暂时 还 通信 音质 清晰 立体声 大 运行 速度 系统 不 说 苹果 手机 特色 客户 米粒 恩 灰灰 都 耐心 回答 其实 买 之前 担心 拿到 手后 觉得 真不错 第一次 网购 手机 担心 肯定 朋友 买 手机 建议 这家 买 后须 追评,拍照效果：牛逼 显示效果：没有哪么差 电池续航：暂时还可以 通信音质：清晰，立体声大 运行速度：系统就不说了，因为我一直用苹果手机 其他特色：客户米粒恩，和灰灰都耐心回答，其实买之前各种担心，拿到手后觉得真不错，第一次网购手机担心是肯定的，朋友们如果你要买这手机，我建议在这家买，其他的后须追评
叶子 客服 赞,叶子客服赞
真香机 目前 几天 感觉 音质 提升 很大 手机 自带 立体 音质 看 电影 超爽 推荐 大家 这家 店 购买 这家 店 买 第三个 手机 苹果 6p 7p 11 跨度 有点 大 供 大家 参考 第一次 多字 评价,果然是真香机，目前用了几天，感觉音质提升很大，手机自带立体音质看电影超爽。推荐大家到这家店购买，这是我在这家店买的第三个手机了，苹果6p，7p，11，跨度有点大。供大家参考，第一次打这么多字的评价！
不错 很 好 几天 追加,不错，很好，用几天在追加
特色 物流 很快 第三天 中午 海南 运行 速度 很快 拍照 效果 很 好 显示 效果 调 色调 很 不错 电池 续航 电池 很 ok 通信 音质 完美,其他特色：物流很快第三天中午就到了海南 运行速度：很快 拍照效果：也很好 显示效果：自己调了色调，很不错的哇 电池续航：电池也很ok 通信音质：完美
拍照 效果 很 清楚 显示 效果 很 鲜亮 电池 续航 10 小时 运行 速度 很快 不卡 通信 音质 音质 很 好 声音 很 大,拍照效果：很清楚 显示效果：很鲜亮 电池续航：10个小时 运行速度：很快，不卡 通信音质：音质很好，声音很也大
客户服务 态度 好 物流 力,客户服务态度好，物流也给力
拍照 效果 拍照 清晰 广角镜头 实用 电池 续航 大概 十多个 小时 通信 音质 音质 不错 声音 挺 大 特色 能良 值得 信赖 官方 正品 行货,拍照效果：拍照清晰，那个广角镜头实用 电池续航：大概十多个小时吧 通信音质：音质不错，声音也挺大 其他特色：能良值得信赖，官方正品行货。
手机 刚刚 收到 很 好 正品 还 没 正常 使用 运行 速度 很快 6s 快 送 赠品 还 没用 不 知道 质量 物流 超快 不错 一次 购物 体验,手机刚刚收到，很好，是正品。还没开始正常使用，运行速度很快，比我的6s要快。送的赠品还没用，不知道质量怎么样。物流也是超快的，不错的一次购物体验
能良 买 第八个 机了 一如既往 好 全新 国行 东西 保真 速度 快 妥妥,在能良买的第八个🍎机了 一如既往的好 全新国行 东西保真 速度也快 妥妥的
物流 很快 很 满意 十天 才 评价 简直 魔鬼 手机 运行 快 夜拍 模式 很 好 跑 分高得 惊人 真香 系列 不 知道 说 好,首先物流很快这让我很满意 用了十天才来评价的 简直魔鬼手机 运行快 夜拍模式很好 跑分高得惊人 真香系列 不知道说啥 就是好。
顺风 快递 很 力 隔天 手机 很 好 手感 不错 觉得 现在 xs max 手感 好 运行 流畅 两天 才 评价,顺风快递很给力，隔天就到，手机也很好，手感不错，我觉得比我现在用xs max手感要好，运行流畅，用了两天才来评价的，
比官 网要 贵 一点 送 无线耳机 无线 不是 正品 配套 手机 该是 正品 配套 钢化 膜 小 一号 手机 起来 挺 好 总 感觉 触屏 没 灵 可能 原因,比官网要贵一点，送的无线耳机和无线冲不是正品配套，手机因该是正品，配套的钢化膜小了一号😂。手机用起来挺好，但总感觉触屏没那么灵，可能是自己的原因吧！
特色 游戏 运气 拍照 效果 拍照 效果 好,其他特色：游戏运气也可以 拍照效果：拍照效果好
定 好 闹钟 第一 时间 来能 良家 拍 绿色 太给力 谢谢 客服 小九 耐心 解答 谢谢 手机 收到 很 满意 以后 买手机 还会来 找 能良 找 小 九,定好闹钟第一时间来能良家拍绿色，😄太给力了，谢谢客服小九耐心的解答，谢谢，手机收到很满意。以后买手机还会来找能良找小九
运行 速度 苹果 系统 原来 那味 不错 适合 这种 不 玩游戏 人 需要 注意 他家 送 手机 壳 防爆膜 后面 快递 直接 买 手机 壳 防爆膜,运行速度：苹果的系统还是原来那味 不错了。适合我这种不玩游戏的人。 需要注意的是他家送的手机壳和防爆膜是后面一个快递。我自己直接买了手机壳和防爆膜了。
查询 正品 物流 快 颜色 很 喜欢 小 礼品 送 满意,查询是正品，物流也快，颜色也很喜欢，还有小礼品送，满意！
觉得 白色 比较 好看 手感 不错,还是觉得白色比较好看，手感不错哦
挺 好 支持 起来 不错 主要 喜欢 颜色 真心,挺好的，支持。用起来也不错，主要也是喜欢这个颜色，真心
正品 手机 运行 非常 棒 客服 俊 炯 非常 好 发货 超快 下次 会 光顾 一次 非常 愉快 购物,正品，手机运行非常棒，客服俊炯非常好，发货超快，下次会在光顾，一次非常愉快的购物。
客服 小鱼 不错 买 几次 一如既往 好 希望 生意兴隆,客服小鱼不错！买了几次，一如既往的好！希望生意兴隆
手机 不错 小鹿 服务 说 说,手机不错，小鹿服务也好说，跟说的一样
物流 很快 一天 收到 手机 赠送 礼品 很 精美 客服 安敏 小 七 热情服务 态度 很 满意 完美 一次 购物 五星 好评,物流很快 一天就收到手机 赠送的礼品很精美 客服安敏和小七的热情服务态度也很满意 完美的一次购物 五星好评😃
客服 很 耐心 解答 问题 下单 后 第二天 收到 货 还 送 不少 宝贝,客服很有耐心的解答问题，下单后第二天就收到货 还送了不少宝贝。
手机 今天 刚到 一下 感觉 很 不错 快递 昨天下午 寄 今天 早上,手机今天刚到，用了一下感觉很不错，快递昨天下午寄的，今天早上就到了
机器 不错 颜色 很 好看,机器不错，颜色很好看！！！！！
挺 好看 紫色 还,挺好看的紫色还可以
手机 收到 快递 速度快 服务 好 客服 叶子 服务 好,手机以收到，快递速度快，服务好，客服叶子服务好
客服 叶子 服务 非常 好 东西 不错,客服叶子服务非常好，东西也不错
东西 很 好 很快 第二天,东西很好，很快！第二天就到了！
手机 收到 很 满意,手机收到了很满意
国行 正品 不错 手感 特 好 质感 一流 中国 红 相当 喜庆 送 礼品 不 评价 特别感谢 客服 豆子 热情服务,国行正品，不错，手感特好，质感一流！中国红相当喜庆！送的礼品就不评价了！特别感谢客服豆子的热情服务👍
服务态度 很 好 手机 挺 好看 以后 再 买 还 会,服务态度很好，手机挺好看的，以后再买还会来的
拍照 效果 好 运行 速度 很快 电池 续航 大半天,拍照效果：好 运行速度：很快 电池续航：大半天
iPhone11 确实 很 不错,iPhone11确实很不错
物流 很快 很 舒心 一次 购物 送给 老婆 谢谢,物流很快，很舒心的一次购物是送给老婆的谢谢
快递 很快 兰兰 客服 非常 好 笔芯,快递很快 那个兰兰的客服非常好 笔芯🥰
很 好看 客服 态度 配送 速度 惊人,很好看，客服态度也好，配送速度惊人！
国行 正品 非常 满意 已经 这家 店 买 3 次 手机,国行正品，非常满意，已经在这家店买了3次手机了。
第一次 网上 买手机 不错 体验 下单 第三天 收到 客服 不错 很 耐心 回答 问题 赞,第一次在网上买手机，是个不错的体验！下单第三天就收到了，客服不错，很耐心的回答我的问题，给个赞
表白 客服 小鹿 很 细心 解答 问题 手机 很棒 逃不过 真香 定律,表白客服小鹿🦌，很细心的解答问题呢，手机很棒，逃不过真香定律。
手机 没收 惊喜 赠品 手机 分 开发 单号 服务态度 真是 没,手机没收到就给我个惊喜，赠品是跟手机分开发的，就给我一个单号，这服务态度真是没谁了
非常 喜欢 合适 不错,非常喜欢合适不错
帮 朋友 买 说 还 不错,帮朋友买的、说还不错
整体 还行 用用 再 追加 评论,整体还行吧！用用再追加评论
正品 手机 都 买,正品，手机都是在这买的
手机 很 好 徂 满意,手机很好、徂满意👍
非常 好 卖家 服务态度 好 价格 实惠,非常好的卖家，服务态度好！价格实惠
不错 手机,不错的手机
还 手机 卖家 服务态度,还可以手机卖家服务态度也好
好不好 现在 还 不 知道,在用好不好现在还不知道
基本 符合 预期 客服 兰兰 服务态度 不错,基本符合预期 客服兰兰的服务态度不错
客服 熊二 服务态度 特别 好 点赞,客服熊二的服务态度特别好，点赞！👍
挺 好 很 惊艳,挺好的 很惊艳
还 不错,用着还不错
客服 灰灰 特别 好,客服灰灰特别好
物流 超快 赞,物流超快赞一个
快递 非常 给力 客服 人 很 好,快递非常给力，客服人也很好。
非常 失望 收到 货 拆开 第一次 开机 激活 死机 找 客服 知道 几个 小时 还要 没 人 告诉 我该 不是 扯皮 人 没找 退货 都 好 知道 知道 推卸责任 我会 第一 时间 找 退货 有时候 真的 不能 太好 说话,非常失望，收到货就拆开，第一次开机激活就死机了，找客服就知道要我等，等几个小时还要我等，没人告诉我该怎么办，我也不是扯皮的人，没找你们退货都是好，如果知道你们知道推卸责任，我会第一时间找你们退货，有时候真的不能太好说话了
正品 送 耳机 无线 充电 有点 垃圾,是正品，送的耳机和无线充电有点垃圾
第一次 遇到 这种 情况 没什么 要说,第一次遇到这种情况，没什么要说的。
这家 服务态度 直接 下 单 礼品 不发 广告 上送 无线 充 没有 后来 联系 客服 补发 收到 后 全部 伪劣商品 无线 充把 手机 充 差点 爆炸 烫 不得了 无线耳机 第一次 坏 一只 待电 估计 十分钟 手机 可能 没有 问题 还 没有 插卡,这家服务态度一般，我直接下的单，结果一样礼品不发，广告上送无线充结果也没有，后来我联系客服给我补发了，收到后全部是伪劣商品，无线充把手机充的差点爆炸，烫的不得了，无线耳机第一次用就坏了一只，待电估计十分钟，手机可能没有问题，还没有插卡呢，
老婆 买 红色 使用 几天 感觉 不错 信号 稳定 很 ok,给老婆买的红色，使用几天，感觉不错，信号也稳定，很ok
国行 正品 开票 资料 磨叽 磨叽 走 顺丰 还 走 最 便宜 那种 普通 快递 区别 大家 公司 彻底 无语,是国行正品，就开票资料磨叽磨叽，走顺丰还走最便宜那种，跟普通快递有什么区别？这大家公司，彻底无语。
这家 店 手机 不 建议 买 买 过后 送 充电 宝冲 不 进去 电 找 换 态度 极其 恶劣 手机 隔三差五 卡屏 找 退 说 送 去 检测 不 支持 7 天无 理由 退货 ❓,这家店的手机不建议买，买过后，送的充电宝冲不进去电，找他们换，态度极其恶劣，手机隔三差五的卡屏，找他们退，说的要送去检测，不支持7天无理由退货❓
东西 已 拿到 物流 非常 快,东西已拿到，物流非常快。
还 不错 连着 Wi Fi 打游戏 有时候 会 突然 波动 400 延迟 不 知道 网 问题,还不错吧，就是连着Wi-Fi打游戏有时候会突然波动400多延迟，不知道是网的问题还是什么
说 还,怎么说呢，还可以
催 发票 催得 心碎,催发票，催得心碎
这家 店 消费 后悔,这家店 谁消费谁后悔。
垃圾 客服,垃圾客服
发闪送 拖 下班 才 发给 这是 专门 下班 闪 送 大叔 嚒 物流 太 糟心 送 无线 充电 质量 差到 没话说 两次 充电 线 坏 不能 店大欺客,要发闪送，结果一直拖到下班才发给我，这是专门让我下班等闪送大叔嚒，物流太糟心。送的无线充电 质量差到没话说，用了两次充电线就坏了不能用了。店大欺客
第一次 天猫 买手机 一点 特别 不 满意 贵重物品 不是 应该 本人 签收 同事 代为 签收 丢失 责任 送 礼品 不是 手机 一起 礼品 现在 不知 才能,第一次在天猫买手机，有一点特别不满意贵重物品不是应该本人签收吗，可是被同事代为签收，如果丢失责任怎么办？送的礼品不是和手机一起到的，礼品到现在不知何时才能到
还 行 第一次 淘宝 买手机,还行，第一次淘宝买手机
俩 小时 买 完 朋友 说 偏贵 一点 手机 没 毛病 都 好 说,用了俩小时了，买完朋友说偏贵一点，只要手机没毛病，其他都好说。
持续 几十分钟 手机 发热 严重,持续用几十分钟 手机发热严重
发了 两次 带 图发 不 出去 懒得 再 写 使用 体验 还 性价比 没得说 想 买 买,发了两次带图发不出去，懒得再写了，使用体验还可以，性价比没得说，想买就买吧。
帮 朋友 买,帮朋友买的
拍照 效果 夜景 模式 拍照 很 好看 显示 效果 关掉 原彩 不会 发黄 很 好 很 细腻 电池 续航 电池 太牛 轻度 使用 续航 一天 才 50% 三天 现在 发烫 现象 完全 没 感受 运行 速度 运行 流畅 不卡 通信 音质 信号 还 没 出现 完全 没 信号 情况,拍照效果：夜景模式拍照很好看 显示效果：关掉原彩不会发黄 很好很细腻 电池续航：电池太牛了 轻度使用续航一天才用50% 用了三天现在发烫现象完全没感受到 运行速度：运行流畅 不卡 通信音质：信号还可以 没出现完全没信号的情况
能良 买 第二个 手机 不错,在能良买的第二个手机了，不错！
整体 还 不错 续航 还 信号 回家 2 格 … …,整体还不错，续航还可以，就是信号一回家就2格……
垃圾 手机 垃圾 手机 垃圾 手机 发票 都 没有 服务态度 差 赠送 东西 好 想 旧 垃圾 死 不 推荐 这家 店买 简直 欺骗 消费者,垃圾手机！垃圾手机！垃圾手机！连个发票都没有，不仅服务态度差，赠送的那些东西好想跟旧的一样，垃圾死了，不推荐在这家店买！！！这简直就是欺骗消费者🐎
照片 不 拍 第四次 这家 买 东西 信得过,照片就不拍了，第四次在这家买东西了，信得过
很棒 第三次 买,很棒，第三次买了。
很棒 第三次 买,很棒，第三次买了。
挺 好 香,挺好的，香
像素 太差 搞 不想,像素太差。搞得我不想用😫😫
像素 太差 搞 不想,像素太差。搞得我不想用😫😫
超级 好,超级好
发热 严重 打开 游戏 闪屏 严重 客服 不 退换 去 售后 开 检测 单 去 售后 售后 说 没听说过 开 检测 单 说法 小店 东西 不能 买 5000 多买个 烂 东西 没 售后 七天 无 理由 退换 根本 不 存在 砸 手里 怀疑 店铺 处理 官 换机,发热严重 打开游戏闪屏严重 客服不给退换 让去售后开检测单。去了售后 售后说从没听说过开检测单的说法。小店东西不能买啊。5000多买个烂东西，没售后，七天无理由退换根本不存在的，砸手里了。怀疑这店铺，处理官换机
手机 不错 刚用 不 太 习惯 充电器 充电 太慢 ~,手机不错，刚用不太习惯，充电器充电太慢~
说实话 手机 回来 好 几天 才 评论 只 想 说 耗电量 超级 快 不 知道 不 玩游戏 触碰 有时候 还 需要 重点,说实话手机拿回来是用了好几天才来评论的。 我只想说耗电量超级快也不知道怎么了 我又不玩游戏触碰有时候还需要重点
帮 妹妹 买 说 还,帮妹妹买的，她说还可以
运行 速度 运行 速度 流畅 感觉 紫色 最 好看 黑边 有点 狠 客服 态度 很 好 点名 几个 曼玉 毛毛 熊二 王者 賊 6 大号 101 星 快来加 妹子 男 滚开,运行速度：运行速度流畅！感觉紫色最好看！就是这个黑边有点狠！客服态度很好！在这点名几个曼玉 毛毛 熊二 ！是我呀！我王者賊6！大号101星！快来加我！只要妹子！男的滚开！
手机 包装 很 好 无 破损 物流 快 手机 外观 漂亮 款式 好看 质量 很 好 正品 做工 精致 屏幕 细腻 够 大 很 清晰 色彩 饱和度 很 不错 照相 不错 很漂亮 音质 很棒 系统 功能强大 运行 速度 很快 看 电影 听 音乐 都 很 力 非常 享受 操作 简单 内存 足够 性价比 蛮高 价格 还 实惠 便宜 很 划算 支持 超 喜欢,手机包装很好无破损，物流也快，手机外观漂亮，款式好看，质量很好，正品，做工精致，屏幕细腻够大很清晰，色彩饱和度很不错，照相不错，很漂亮，音质也很棒，系统功能强大，运行速度很快，看电影听音乐都很给力， 非常享受，操作简单，内存也足够，性价比蛮高的，而且价格还实惠便宜，很划算，支持，超喜欢。
总体 来说 还 算 运行 速度 没得说 手感 很 好 想 打游戏 小伙伴 款 可能 小 去 买 11por 客服 到位 小 七夜,总体来说还算可以，运行速度没得说，手感很好，就是想打游戏的小伙伴这款可能有些小了，哈哈可以去买11por 客服到位小七夜
手机 绝对 正品 燕子 客服 很 耐心 电池 耐用 具体 看 图 说话 手机 白色 很 好看 第一次 苹果 手机 打游戏 不卡 同事 都 羡慕 真香 表示 购买,手机绝对正品，燕子客服很耐心，电池耐用具体看图说话，手机白色很好看，第一次用苹果手机，打游戏不卡，同事都羡慕着真香，表示也要购买。
手机 没什么 问题 说 送 乐心 牌 手环 收到 货 联系 一下 没有 手环 一下 没有 乐心 牌 手环 无言以对,手机没什么问题，说送乐心牌手环，叫收到货联系，一下没有手环，一下又没有乐心牌手环，我也是无言以对
想 说 这家 店 都 些 人才 手机 开机 死机 没 人理 开 包装盒 后 不 退换 赠品 都 些 垃圾 都 不 说 开个 票 先是 不 开 拖 一周 反复 催 最后 终于 开 陕西 邮寄 四川 米粒 客服 两个 客服 反复 推卸责任 查 最后 协商 补发 一张 提供 发票 抬头 姓名 地址 一周 后 终于 收到 发票 抬头 居然 不是 姓名 写 个人 二字 邮寄 回去 重新 年后 重新 开发票 想 说 一群 逗比 店家 想 买手机 擦亮眼睛 不要 这种 不负责任 店家 欺骗,"我想说这家店都是些人才，手机开机就死机，没人理，开包装盒后不退换，赠品啥都是些垃圾这都不说，开个票，先是不开，拖了一周反复催，最后终于开了，我陕西的邮寄到四川，然后米粒客服和另外两个客服反复推卸责任让我自己查，最后经过协商给我补发一张，提供发票抬头姓名和地址，一周后终于收到发票，抬头居然不是姓名，写的""个人”二字，让我邮寄回去重新年后重新开发票，我想说你们是一群逗比店家么？想买手机的擦亮眼睛，不要被这种不负责任店家所欺骗。"
简直 太爱 这台 苹果 音效 超棒 客服 小九 小鱼 超级 好,我简直太爱这台苹果了 音效超棒 客服小九和小鱼也超级好的呀
特色 功能 非常 强大 电池 续航 电池 一天 都 不 总 充电 运行 速度 速度 非常 快 拍照 效果 拍照 特别 清晰 显示 效果 非常 好 通信 音质 通话 声音 液 非常 清楚 手机 官方 原装 全新 正品 机 第一次 天猫 上 买 好 国行 原封 机 真的 很 力 需要 下次 还会来 这家 店铺 购买 需要 朋友 耶 入手,其他特色：功能非常强大 电池续航：电池一天都不总充电， 运行速度：速度非常快 拍照效果：拍照特别的清晰 显示效果：非常好 通信音质：通话声音液非常的清楚 手机是官方原装全新正品机第一次在天猫上就能买到这么好的国行原封机真的很给力，如果有需要下次还会来这家店铺购买。有需要的朋友耶可以入手了。
第二天 很 优秀 快人 一步 建议 开家 实体店 自提 那种,第二天就到了，很优秀，快人一步，建议开家实体店，可以自提的那种
宝贝 还 不错 明天 双十 不知 店家 会 不会 退 差价,宝贝还不错，明天就是双十一了，不知店家会不会退差价呢
屏幕 很 炫 重量 不轻不重 刚刚 好 手感 不错 两个 大大的 摄像头 拍摄 效果 应该 不错 系统 流畅 特意 网上 查 一下 没 问题 很 流畅 音效 不错,屏幕很炫，重量不轻不重刚刚好，手感不错。两个大大的摄像头，拍摄效果应该不错，系统流畅。特意在网上查了一下，没问题，很流畅，音效也不错！
正品 全新 未 拆封,正品 全新 未拆封
手机 不错 服务态度 问题 随时 解决,手机不错服务态度可以！有问题随时解决！
物流 很快 隔天,物流很快.隔天就到了
很 不错 正品 运行 非常 流畅 屏幕 分辨率 好 很大 非常 喜欢 支持,很不错，是正品，运行非常流畅，屏幕分辨率好，也很大，非常的喜欢，支持
都 很 好 方面 都 很 喜欢,一直都很好！各方面都很喜欢
都 很 好 方面 都 很 喜欢,一直都很好！各方面都很喜欢
正品 送 膜 尺寸 不配,正品，但送的膜尺寸不配
手机 还行 客服 兰兰 态度 很差 差评,手机还行那客服叫兰兰的态度很差给差评！
不错 正品,不错是正品
不错 正品,不错是正品
还 喜欢,还可以喜欢，
原装 正品 到手 质感 很 不错,原装正品，到手质感很不错👌
原装 正品 到手 质感 很 不错,原装正品，到手质感很不错👌
手机 正品 挺 好,手机正品 挺好的。
手机 特别 好 安兔 兔 跑 分 51 万多 客服 米粒 服务态度,手机特别好哦，安兔兔跑分51万多，客服米粒服务态度也好💕
很 好 喜欢 祝 生意兴隆,很好用，喜欢。祝生意兴隆。
很 好 喜欢 祝 生意兴隆,很好用，喜欢。祝生意兴隆。
洛淇 服务态度 很 好 有问必答,洛淇的服务态度很好，有问必答
洛淇 服务态度 很 好 有问必答,洛淇的服务态度很好，有问必答
手机 使用 没有 问题 很 不错,手机使用没有问题 很不错
手机 使用 没有 问题 很 不错,手机使用没有问题 很不错
商品 续航 能力 续航 超级 强 一天 充足 够 操作 流畅性 CPU 过剩 充电 速度 11 自带 慢 最好 额外 买 快充 信号强度 我举 还行 没说的 差,商品：续航能力：续航超级强，一天一充足够了 。操作流畅性：CPU过剩。充电速度：11自带的还是慢，最好额外买快充。信号强度：我举得还行，没说的那么差。
专业 放心 手机 声音 清晰 手机 正品 无错 起来 感觉 不错 系统 流畅 界面 友好 非常 喜欢 最 主要 儿子 喜欢,因为专业，所以放心。手机声音清晰，手机正品无错，用起来感觉不错，系统流畅，界面友好，非常喜欢，最主要是儿子喜欢。
说好 送 蓝牙 耳机 都 没 送 后来 打电话 说 还 送 大王 卡 根本 没 看见 新手机 网速 很差 很慢 之前 旧 手机 都,说好的送蓝牙耳机都没送，后来打电话说还送大王卡，根本就没看见，新手机网速很差，很慢，和我之前的旧手机都不如
手机 收到 丰速运 疫情 影响 快递 慢 知乎 上 方法 检验 正品 新机 速度 挺快 续航 能力 客服 小姐姐 服务态度 很 好 挺 愉快 一次 购物,手机收到了，虽然是顺丰速运，但是由于疫情的影响，快递有些慢，根据知乎上的方法检验了是正品，新机速度挺快的，续航能力也好，客服小姐姐的服务态度也很好。挺愉快的一次购物。
不错 正品 服务态度 不错 物流 快 尤其 客服 小姐姐 很 贴心,不错是正品，服务态度不错，物流也快，尤其客服小姐姐很贴心
特殊 时期 快递 挺快 好评 苍兰,特殊时期快递也挺快的 好评苍兰
特殊 时期 快递 挺快 好评 苍兰,特殊时期快递也挺快的 好评苍兰
原封 机 很 好,原封机 很好
送给 老婆 很 喜欢 手机 反应 很快 很 满意,送给老婆的，她很喜欢，手机反应很快，很满意，
正品 没有 出现 发烫 现象 买,正品！没有出现发烫的现象！买它！
第二次 店里 买 服务态度 都 比较 好 价格 算 同等 里面 比较 竞争力,第二次在这个店里买了，，服务态度都比较好，价格也算同等里面比较有竞争力的。
东西 收到 特别 好 感谢 客服 不厌其烦 回答 问题 必须 五星 好评 下次 回购,东西收到了特别好，感谢客服，不厌其烦地回答任何问题。必须五星好评，下次回购。
一天 感觉 完美 符合 想法 嘿嘿 几天 再来 追评,用了一天感觉完美，符合我的想法嘿嘿，过几天再来追评
正品 验货,可以正品验货了
手机 很 好 正品,手机很好是正品
手机 已 收到 还 挺 好 挺 喜欢,手机已收到，还挺好挺喜欢
从安卓换 苹果 只能 说 A13 真香,从安卓换到苹果 只能说A13真香
机子 不错,机子不错
目前 没 问题,目前没问题
挺 好 正品 手机 不 热 很 喜欢,挺好的正品，手机也不热，很喜欢
很 喜欢 音质 不错,很喜欢，音质不错👍
还 不错 很 满意,还不错。很满意
店家 服务态度 很 好 值得 消费者 够买,店家服务态度很好，值得消费者够买
使用 感 不错 滴 屏幕 够 大 轻便 疫情 当前 来看 网课 非常 合适 推荐 指数 五颗星 大家 起来 种草,使用感还是不错滴，屏幕也够大，轻便，疫情当前，用来看网课也非常合适，推荐指数五颗星哟！大家一起来种草！
颜色 很 喜欢 很薄 手感 好 包装 很 结实 操作 起来 很 方便 超级 喜欢,这个颜色很喜欢，很薄，手感好，包装的很结实，操作起来很方便，就是超级喜欢
64g 用来 学习 应该 够 昨天 刚到 希望 ipad 用出 性价比 好好学习 天天向上,64g用来学习应该够了，昨天刚到，希望能把ipad用出性价比，好好学习，天天向上！
官网 买 放心 10.5 大小 看 视频 真的 很爽 机身 很薄 金色 颜色 偏深,官网买的放心10.5大小看视频真的很爽机身很薄金色颜色偏深
很 好 购买 平台 质量 不错 值得 信赖 在家 抗病毒 神器,很好的购买平台，质量不错，值得信赖，在家抗病毒神器
pad 10.5 寸 非常 大 外观 材质 触摸 感 很 好 颜色 喜欢 那种 粉粉 金色 外观 非常 漂亮 显卡 效果 运行 无 压力 电脑 性能 非常 好,pad是10.5寸的非常大～ 外观材质：触摸感很好，颜色是我喜欢的那种粉粉的金色，外观非常漂亮 显卡效果：运行无压力 电脑性能：非常好
速度 很快 屏幕显示 很 舒畅 包装 不错 屏幕 很大 很 满意,速度很快，屏幕显示很舒畅，包装也不错，屏幕很大 很满意!
外观 材质 第二个 金色 之前 买 银色 金色 颜值 很 高 beautiful 这是 第二个 iPad 前 很多年 现在 终于 退休 借口 买 新 上 一个月 同学 买 一款 很 流畅 巨快 现在 拿到 手 好 喜欢 太棒了 希望 寿命 长于 上 一位 大爱 你家 系统 biu … … …,外观材质：第二个金色了，之前一直买的银色，金色颜值很高，beautiful. 这是第二个iPad了，前一个用了很多年，现在终于退休了，哈哈，有借口买新的了，上一个月同学也买的这一款，很流畅，巨快，现在自己的拿到手了，好喜欢啊，太棒了，希望寿命长于上一位，一直大爱你家的系统，biu ………
官网 买 放心 查询 都 全新 未激活 来看 视频 真爽 以后 用来 学习 肯定 更好 加油,官网买的 就是放心 查询了 都是全新未激活的 用来看视频真爽 以后用来学习肯定更好 加油啊
流畅 非常 棒 很 灵敏 非常 不错 包裹 非常 防 摔 特别 喜欢,流畅，非常棒，也很灵敏，非常不错，包裹非常防摔，特别喜欢
超棒 深灰色 质感 不错 来看 琴谱 很 方便 喜欢 喜欢,超棒的 深灰色的质感也不错，用它来看琴谱也很方便 喜欢喜欢
真香,真香
手里 很 轻薄 大屏 看 东西 超爽 希望 买前 生产力 买后 生产力 当时 纠结 很 久 现在 发现 买 正确 决定,拿在手里很轻薄，大屏看东西也超爽，希望买前生产力，买后也是生产力，当时纠结了很久，现在发现买它是正确的决定
爱 深空 灰太 好看 写 作业 方便 不用 再 去 打印,我爱了，深空灰太好看！ 这样写作业方便多了，不用再去打印了
男票 送 感觉 触屏 操作 都 挺 好 玩 吃 鸡 很 溜,男票送的，感觉触屏操作什么都挺好的，玩吃鸡也很溜
督促 好好学习 _ τ ∠ _,督促自己好好学习_(：τ」∠)_
特别 喜欢 客服 说 这款 性价比 超高,特别喜欢 客服也说这款性价比超高
新 ipad 超级 快 物流 超快 第一天 下单 第二天 这次 购物 体验 很 满意,新ipad超级快而且物流超快第一天下单第二天就到了，这次购物体验很满意！
第一次 买 平板 挺棒 体验,第一次买平板，挺棒的体验
超 喜欢 爱不释手,超喜欢 爱不释手
很 不错,很不错
没想到 快 给力 目前 来看 不错,没想到这么快，给力，目前来看不错的！
宝贝 很 喜欢 非常 棒,宝贝很喜欢，非常棒
物流 非常 快 机身 很 轻薄 日常 用来 看书 看剧 足够,物流非常快，机身很轻薄，日常用来看书看剧足够了
大屏幕 瞅 起来 确实 爽,大屏幕瞅起来确实爽
下 好多 学习 软件 提高 生产力 很 不错,下了好多学习软件，提高生产力，很不错
物流 速度 很快 很快 隔天 开箱 很 惊艳 深空 灰 真的 太帅 屏幕 很 清晰 ipad air 机身 厚度 6s 还 薄 轻薄 手感 超棒 giao 我里 giao 呼 ~,物流速度很快很快，隔天就到啦，开箱很惊艳！！深空灰真的太帅啦！！屏幕很清晰，ipad air的机身厚度比我的6s还薄！！轻薄手感超棒，哈哈一giao 我里giao！呀呼~
电脑 性能 确实 好,电脑性能：确实好
太棒 绝对 正品,太棒啦！！绝对正品！！
不愧 Air 系列 很薄 现在 类纸 膜 保护 壳,不愧是Air系列 很薄 现在就等着类纸膜和保护壳啦
使用 感 非常 好,使用感非常好
觉得 挺 好,我觉得挺好的
终于 拿到 心心念念 iPad 好赞,终于拿到心心念念的iPad了 好赞！！！
非常 不错,非常不错
一段时间 超级 好 操作 流畅 使用 时间 很长 反应速度 很快 真的 超级 喜欢 mac 使用方便 不少 两个 毕竟 方面 不 外观 材质 外观 很 喜欢 干净 简洁 大方 显卡 效果 操作 流畅,用了一段时间超级好。操作流畅。使用时间很长。反应速度很快。真的超级喜欢。比mac使用方便不少 不过两个毕竟方面不一样。 外观材质：外观很喜欢干净简洁又大方 显卡效果：操作流畅
外观 材质 超薄 质感 一贯 优秀 接缝 完美 显卡 效果 游戏 性能 极佳 显示 效果 惊艳 电脑 性能 小 五十万 安兔 兔 跑 分干 不够,外观材质：超薄，质感一贯优秀，接缝完美 显卡效果：游戏性能极佳，显示效果惊艳 电脑性能：小五十万的安兔兔跑分干啥不够哇
物流 超快 24 小时 都 不到 收到,物流超快哈 24小时都不到就收到了
很 好 很 好看 很 好,很好，很好看也很好用
真香 警告,真香警告！
超级 好 屏幕 很大 很 轻薄 买来 学习 64g 感觉 够用,超级好！屏幕很大，但是很轻薄，买来学习用的，64g感觉够用了
儿子 很 喜欢,儿子很喜欢！
物流 太快 太薄 手感 太好了 喜欢 女生 看个 颜值 太 喜欢,这物流也太快了 他也太薄了吧 手感太好了 喜欢 女生嘛就是看个颜值 太喜欢了
挑 很 久 终于 选 air3 很 满意,挑了很久终于选了air3 还是很满意的
使用 快 半个 月 评价 十分 流畅 耗电 慢 几年,使用了快半个月来评价，十分流畅，耗电慢，可以用几年
非常 不错 体验 很 流畅,非常不错的体验 很流畅
发货 快 好看,发货快，好看
真的 很 喜欢 配送 很快 服务态度 真的 好 配送 员 很 耐心,真的很喜欢了。配送很快，服务态度真的好，配送员也很有耐心。
官方 正品 谢谢,官方正品！谢谢！
很 不错 看电视 玩 剧本 杀 都 很 方便,很不错！看电视玩剧本杀都很方便！
第一个 苹果 产品 奈斯,第一个苹果产品 奈斯
几天 挺 好,用了几天 挺好的
很 好 正品 速度 很快,很好，是正品，速度很快
不错 非常 流畅,不错，非常流畅
正品 到货 没有 一点 瑕疵 没有 踩 雷 绝对 好用 没用 弯曲 现象 打游戏 特别 爽 超级 薄 做 笔记 超级 好 人 都 入 强烈 安利,正品！到货没有一点瑕疵！也没有踩雷！绝对好用，也没用弯曲的现象，打游戏特别爽！超级薄！做笔记超级好！各种人都可以入！强烈安利！
3 号 晚上 买 5 号 中午 收到 快递 顺丰 很快 没想到 现在 情况 会 发货 送货 哈哈哈 哈哈哈 第一次 苹果 产品 开机 设置 ID 没有 想象 中 难 容易 上 手 平板 屏幕 大 很 轻 突然 觉得 手机 不好 买前 生产力 买后 爱奇艺 不 后悔 哈哈哈 哈哈哈,3号晚上买的，5号中午收到的快递。顺丰很快，没想到现在的情况也会发货送货哈哈哈哈哈哈。第一次用苹果产品，开机设置ID也没有想象中的难。容易上手，平板屏幕大也很轻，突然觉得手机不好用了。。。买前生产力买后爱奇艺，那我也不后悔哈哈哈哈哈哈
不错 电视 看,不错 当电视看
质量 杠杠 反应 飞快 官网 保证 希望 能够 长久 好,质量杠杠的，反应飞快，官网就是有保证，希望能够长久的好
香 香 不卡顿 屏幕 清晰 指纹识别 很快 看剧 很爽 非常 轻便 密码 填充 很 方便 分屏 非常 优秀 配合 Applepe il 简直 买后 生产力 开机 时 遇到 点 问题 客服 小姐姐 很快 帮忙 解决 GoodNotes notability procreate 非常 非常 加 分 专为 iPad 开发 APP 生态 确实 比安卓 平板 做 好 太 姐妹 买,香还是香的，不卡顿，屏幕清晰，指纹识别很快，看剧很爽，拿着也非常轻便。密码填充也很方便，分屏非常优秀，配合Applepe**il简直了！买后也可以生产力！开机时遇到点问题，客服小姐姐也很快帮忙解决了。GoodNotes，notability，procreate非常非常加分。还有各种专为iPad开发的APP，生态确实是比安卓平板做的好太多。姐妹们买它！！
感觉 还 不错 正在 后续 再 追评,感觉还不错，正在用后续再追评
不错 买 看到 很多 差评 内心 很 慌 想 退货 感觉 买回来 之后 很 忐忑 拆开 真的 不错 诶 10 天才 评价 12 天就充 一次 电 当然 没有 看 电视剧 没有 玩游戏 用来 听歌 旗舰店 没有 测 很 放心 机子 充 一次 电是 发 之前 挺不错 很多 人有 出现 问题 觉着 应该 地区 问题 北京 东西 都 不差 毕竟 首都 不 可能 出现 问题 感觉 应该 地域 问题 个人 问题 好 话 用来 小伙伴 参考 下 很多 游戏 采用 几十个 G 256 真的 大 感觉 买 128 都 够用 不 差钱 买 256 其实 内心 想 时间 长点 挺快 反应 很快 手湿 指纹 打开 正常 手 出汗 很棒 几个 月 再 追评 屏是 真的 大 哈哈哈哈 够用 对比 图 看 一下 面膜 盒 平板 对比 反正 觉着 挺大,不错的，一开始买的时候看到很多差评内心很慌，想退货的感觉，买回来之后很忐忑拆开了，是真的不错诶，用了10多天才来评价，12天就充了一次电，当然没有看电视剧也没有玩游戏一直用来听歌了，旗舰店嘛没有测但是很放心的，机子就充了一次电是发之前冲的，挺不错的，至于很多人有的出现问题我觉着吧应该是地区问题，我在北京东西都不差毕竟首都不可能出现那些问题，所以我感觉应该是地域问题还有就是个人问题，好了我这些话就用来给其他小伙伴作为参考了，下了很多游戏采用了几十个G，256是真的大，感觉买128的都够用，但是不差钱所以买了个256的其实内心也想用的时间长点哈哈，然后就是挺快的，反应很快，手湿的话也可以指纹打开，正常的手出汗，很棒，等过几个月再来追评，屏是真的大哈哈哈哈够用了有对比图可以看一下，面膜盒和平板对比，反正我觉着挺大哈哈
挺 好 质量 很棒,挺好的。质量也很棒。
10.5 真的 非常 爽 钱 没 白花 pro air 中间 纠结 看看 片用 完全 OK,10.5真的非常爽 钱没白花 在pro和air中间纠结 只是看看片用 完全OK
真 好 真棒 特别 好 特别 棒 ipad 很棒 Applepe il 很棒 物流 超快 前一天 晚上 下单 第二天 中午 嘻嘻 买,真好！真棒！特别好！特别棒！ipad很棒Applepe**il也很棒，物流超快，前一天晚上下单第二天中午就到嘻嘻。买它！
目前 还 不错 香 之前 纠结 air ipad19 感觉 air 还 不错 纠结 内存 用久 app 内存 很大 选择 256 深灰色 真的 很 耐看 配上 绿 壳子 nice,目前还不错，香～，之前纠结air和ipad19，感觉air还不错，然后纠结内存，用久了app的内存很大，所以又选择了256，深灰色真的很耐看，配上绿的壳子，nice
家里 都 苹果 东西 笔 挺好用,家里用的都是苹果的东西，笔也挺好用的
官网 放心,还是官网放心
挺 劲,用着挺得劲
公司 年会 礼物 发货 快 赞 棒,公司年会礼物，发货快。赞。棒。
️ 看 后面 使用 咋样,🉑️ 看后面使用咋样
苹果 iPad 手机 很 好,一直用苹果iPad跟手机 很好用
很 好 很 开心 打开 无纸化 学习 新世界 大门,很好用 很开心打开无纸化学习的新世界大门
很 手感 物有所值,很有手感，物有所值
买来 刷剧何 学习 大学生 优惠 还 挺不错 官网 正品 买 放心,买来刷剧何学习用，有大学生优惠还挺不错的，官网正品，买着放心
喜欢 不得了 客服 太好了 第一次 苹果 产品 官 网上 注册 客服 一万 点 好评,喜欢的不得了 客服也太好了吧 第一次用苹果的产品，一开始得在官网上注册 给客服一万点好评
超 好看 买前 生产力 买后 保证 不 打游戏 苹果 物流 速度 一向 很快 包装 简洁 产品 精美 质感 太 喜欢 深灰色 科技 感,超好看！买前生产力！买后保证不打游戏，苹果的物流速度一向很快，包装简洁，产品精美有质感，太喜欢深灰色的科技感了！！
官网 很 放心 ❁ ´ ω ` ❁,官网很放心(❁´ω`❁)
很 好 很快 好评,很好。很快。好评
感谢 客服 人员 热心 帮助 iPad 好用 谢谢,感谢客服人员热心帮助 iPad好用 谢谢🙏
很 满意 第一次 买 不太会 问 客服 客服 非常 好 服务 很 周到 很 满意,很满意。第一次买，不太会用，问客服，客服非常好，服务很周到。总之，很满意。
一段时间 还 不错,用了一段时间了 还不错
非常 好哟,非常好哟～
真香,真香😘😘😘
好用,好用哦。
第一天 下单 第二天 收到 很 喜欢 买带 卡 好 猫咪 iPad 拍 相机 清晰度 屏幕 画质 真的 棒 图片 清晰 过段时间 再 追评 希望 不会 出现 别人 充不 进去 电 屏幕 好大 哈哈哈,第一天下单，第二天就收到了，很喜欢，买带卡的就好了，猫咪用这个iPad拍的，相机清晰度也可以。屏幕画质是真的棒，图片清晰。过段时间再追评，希望不会出现别人那样充不进去电，另外屏幕好大哈哈哈。
已查 正品 无误 姐妹 放心 买,已查是正品无误 姐妹们放心买
好看 好看 很 不错 教育 优惠 还 分期 客服 小姐姐 超级 耐心,好看呀好看呀，很不错，用了教育优惠，还分期。客服小姐姐也超级耐心的。
爱 真香,爱了，真香啊！
女儿 很 喜欢 好评 好评,女儿很喜欢，好评好评
很 好 很 好 女儿 老妈 速度 很快 很 流畅,很好很好 给女儿和老妈用的 速度很快 很流畅
棒棒 哒 值得 购买 物美价廉 物超所值,棒棒哒值得购买物美价廉物超所值
第二台 iPad 原来 mini2 一款 相对 原来 那款 来说 轻薄 反应 更 迅速 当然 屏幕 大 很多 手感 很 好 重量 手机 还要 轻 儿子 用来 上课 个人 很 满意,第二台iPad了，原来是mini2，这一款相对于原来那款来说轻薄，反应更迅速，当然也是屏幕大很多的，手感很好，重量甚至比手机还要轻，给儿子用来上课的，个人很满意
很 好 屏幕 大 容量 大,很好 屏幕大 容量大
真的 不错 太 喜欢,真的不错，太喜欢了😘
外观 材质 很 好看 灰色 很 气质 显卡 效果 效果 不错 电脑 性能 ipad 性能 冬天 苹果 通病 懂,外观材质：很好看 灰色很有气质 哈哈 显卡效果：效果也不错 电脑性能：ipad性能可以 就是冬天 苹果通病 你们懂的
很 好 花 分 十二 期 真的 太好了 特别 喜欢 希望 小心 使用 坚持 用个 三四年 最后 笔 分期 好,很好用，然后是可以花呗分十二期真的是太好了，特别喜欢，希望自己小心使用，坚持用个三四年。最后如果笔也可以分期就好了
孩子 买 满意,给孩子买的，满意！
官网 买 放心,还是官网买放心！！
屏幕 很大 想不到 第一天 买 后 爱奇艺 哈哈哈,屏幕很大，想不到第一天就买后爱奇艺了，哈哈哈
官网 超级 放心 刚 下单 第二天 早上 送过来 物流 真的 没话说 特 好,官网还是超级放心的 刚下单第二天早上就送过来了 物流真的没话说 特好
还 不错,用着还不错哦
a12 芯片 太强 爱不释手,a12芯片太强了。爱不释手。
很棒 顺丰 物流 真的 强,很棒！ 顺丰的物流也是真的强
非常 轻薄,非常轻薄
刚 一段时间,刚开始用，用一段时间再说
非常 好,非常好～
官方 正品 很 好,官方正品，很好
原来 mini air3 之间 犹豫 考虑 以后 买 air3 一点 不 后悔 很 轻薄 深空 灰 真的 太 好看 很 高级,原来在mini跟air3之间犹豫 但考虑以后还是买了air3 一点不后悔 也很轻薄 深空灰真的太好看 很高级
上 速度 很快,用上了 速度很快
纠结 很 久 最后 买 air3 拿到 手 真的 不 后悔 特别 轻薄 颜色 偏 玫瑰 金 很 好看 屏幕 很 舒服 很大 来看 网课 做 笔记 很 合适 希望 能助 力量 考试,纠结了很久最后买了air3 拿到手真的不后悔 特别轻薄 颜色是偏玫瑰金的 很好看 屏幕很舒服 很大 哈哈用来看网课做笔记很合适 希望能助我力量通过考试
nice,nice
很 好 iPad 之后 就要 笔,很好，有iPad之后就要有笔😂
追剧 神器 几天 后 终于 … 邮政 快递 慢 以外 产品 满意 ~ 分期 免息 毫无 压力 购买 ~,我的追剧神器在等了几天后终于到了…除了邮政快递，有一些慢以外产品还是满意的~分期免息也可毫无压力购买~
物流 非常 快 官网 买 放心 正品 国行 系统 很 流畅 声音 很大 总体 来说 很 满意,物流非常快，在官网买的放心，正品国行，系统很流畅，声音也很大，总体来说很满意
大容量 现在 玩游戏 地方 A12 处理器 只能 说 不能 再 牛 偷偷 说 一下 黑色 很帅,大容量现在玩游戏也有的地方了，A12处理器只能说不能再牛了，偷偷说一下黑色很帅
非常 好 平板 家里 两个 淘汰 新 板子 很薄 不 重 声音 画面 都 很 好 深空 灰 颜色 漂亮 最 关键 分期 免息 太好 太好,非常好的平板，家里另外两个可以淘汰了，新板子很薄不重，声音画面都很好，深空灰颜色也漂亮，最关键的是分期免息太好太好
正品 喜欢,是正品，喜欢
很 舒服 这种 贵重物品 发 邮政 不发 顺丰 看 都 不 觉得 6 天到 邮政 3 天到 顺丰 更 合理,用着很舒服，但是，这种贵重物品为什么发邮政不发顺丰！怎么看都不觉得6天到的邮政比3天到的顺丰更合理
真香 官网 买 决定 正品 买前 生产力 买后 爱奇艺 哈哈哈,真香 官网买的 决定正品 买前生产力 买后爱奇艺 哈哈哈
买来 看电视 灰色 很漂亮 接下来 入手 配件,买来看电视的，灰色的很漂亮，接下来就是入手各种配件了
真的 太 爱 分期 免息 流畅 漂亮 爱不释手,真的是太爱了，分期免息 流畅漂亮 爱不释手 哈哈
外观 材质 手感 巨好 显卡 效果 巨 流畅,外观材质：手感巨好 显卡效果：巨流畅
操作 流畅 机子 完好 官网 旗舰店 谱 快递 真的 令人费解 特殊 时期 发 ems 明明 直接 送到 却 拉 快递 跑 六十多 公里 后 折回来 送,操作流畅，机子也完好，还是官网和旗舰店靠谱。不过，这个快递真的令人费解，由于特殊时期发的是ems，明明可以直接送到的，却又拉着快递跑了六十多公里后又折回来送的😂
苹果 全家 桶 越来越 喜欢 生产力 十足,苹果全家桶越来越喜欢了，生产力十足
临近 期末 复习 买 ipad 使用 起来 很 方便 无论是 质感 手感 画质 都 很棒 空运 很快 不足之处 充电 慢 使用 停久 觉得 主要 看 使用 软件 学习 一天 半到 两天 样子,临近期末复习的时候买的，ipad使用起来很方便，无论是质感手感还是画质都很棒，空运的，很快！不足之处就是充电慢，不过使用停久的，我觉得主要是看你使用什么软件吧，学习的话，我可以用一天半到两天这样子
满意 反应 快 电量 耐用 充电 头 容易 发烫,满意，反应也快，电量也耐用，就是充电头容易发烫
很 不错 很 好 很 喜欢 苹果 不 使用 起来 很 顺畅 客服 态度 很 好 帮忙 解答 问题 很 nice 希望 买 真的 能够 派上用场 好好学习,很不错！很好！很喜欢！苹果就是不一样，使用起来很顺畅，而且客服态度也很好哦！一直帮忙解答问题什么的！很nice，希望买了这个真的能够派上用场，好好学习！
很 好 真的 很 喜欢,很好，真的很喜欢
真香 建议 官网 买 售后 保障,真香 建议在官网买 售后有保障
不错 喜欢,不错，喜欢
买前 生产力 买后 爱奇艺 很香,果然买前生产力买后爱奇艺，不过很香
用来 学习 很 方便 娱乐 很 不错,用来学习很方便，娱乐也很不错。
很 好 之前 还 por 之间 犹豫 几天 觉得 air 够用,很好，之前还在por之间犹豫，用了几天觉得air也够用了
激活 后 注册 新 号 有点 慢 客服 小姐姐 很 耐心 包装 完整 应该 正品,激活后，注册新号有点慢客服小姐姐很耐心，包装完整，应该是正品
买来 直接 锤 杀 彰显 民族 气概,买来直接锤杀，彰显民族气概
非常 好 买 air3 没买错 很薄 很 轻 屏幕 尺寸 很 适合 书写 爱奇艺 生产力 都 很 优秀 哈哈哈哈,非常好，买air3没买错，很薄很轻，屏幕尺寸也很适合书写。不管是爱奇艺还是生产力都很优秀哈哈哈哈。
超好 爱 爱 ⑉ ° з ° ♡,超好用，爱了爱了(⑉°з°)-♡
官网 相信 正品 客服 林丽 很 耐心 好评 物流 快,官网相信是正品呀 客服林丽很耐心 好评呀物流也快
圣诞礼物 第二天 送到 很棒,给自己的圣诞礼物，第二天就送到了，很棒！
只能 说 非常 nice 开启 学习 路 ^ ^,我只能说非常nice！！！开启了我的学习之路^ - ^
好用 好 真香 到时候 再 买 类纸 膜 应该 会 写 舒服 一点,好用好用，真香啊，到时候再买一个类纸膜，应该会写的舒服一点
深空 灰 很 好看,深空灰很好看～
很 轻 很薄 画质 很 好,很轻！很薄！画质很好！
拿到 ipad 开心 开心,拿到了ipad，开心开心！！
想买个 宝贝 学 英语 苹果 产品 反应速度 依然 很快 这次 活动 买 收到 货后 宝贝 太 喜欢,一直想买个给宝贝学英语用 一直用着苹果产品 这反应速度依然很快 这次趁着活动买了 收到货后 宝贝太喜欢啦
使用 两天 电池 耐用 ios 系统 好用,使用了两天了，电池耐用，ios.系统就是好用！
爱 买来 学习,我爱了！买来学习的！
据说 新 ipad 提高 生产力 对比 很多 款 编辑 文件 最终 入 air 佩奇 周边 适应 现在 操作 手势 之后 觉得 切换 应用 很 方便 加上 键盘 鼠标 pe il 妥妥 笔记本 诞生 携带方便 希望 上 ipad 经用 快 7 年,据说新的ipad可以提高生产力，对比了很多款，为了编辑文件，最终入了air，并佩奇周边。适应了现在的操作手势之后，觉得切换应用很方便，加上键盘鼠标和pe**il，妥妥一个笔记本诞生，且携带方便，希望能像上一个ipad一样经用（快7年了）。
快 一个月 才 评价 觉得 蛮 好 尤其 打游戏 非常 流畅 正品 大家 放心 闭眼 入,用了快一个月了才来评价的，我觉得蛮好的啊，尤其是打游戏非常的流畅，而且是正品，大家放心啦，闭眼入就可以
预算 不够 想要 大屏 做 笔记 选择 64g 10.5 寸屏 很大 运行 很 流畅 体验 感 很 好 还 不太熟悉 分屏 功能 主要 想 百度网 盘 一边 看 视频 一边 做 笔记 发现 网盘 调出 笔记 只能 侧边 栏 出现 比例 很 尴尬 查 一下 air3 分屏 感觉 操作 没 毛病 后来 发现 浏览器 成功 五五分 屏 很多 软件 却 不行 突然 有种 吃 屎 感觉 视频 软件 里 不能 分屏 还 愉快 做 笔记 导致 闲置 好 几天 期间 看 几集 电视剧 … 感觉 生产力 值 已经 降为 0 买 很 纠结 air3 mini5 主要 屏 问题 不是 做 笔记 更 喜欢 mini5 便宜 便携 可爱 明天 再 研究 研究 记笔记 更 舒服 类 纸膜 春节 还 没有 发货 电容 笔写 起来 总 觉得 写 玻璃 上 … 酱 东西 很 好 教育 优惠 苏宁 价格 差 不了 几百 官网 分期 没有 手续费 挺 好 好评 好奇 官网 知道 学生 朋友 打开 同样 界面 没有 教育 优惠 四个 字 莫不是 学信网 合作,因为预算不够，又想要大屏做笔记，就选择了64g。10.5寸屏还是很大的。运行很流畅，体验感很好。只是还不太熟悉分屏功能。我主要是想在百度网盘，一边看视频一边做笔记，但发现在网盘调出笔记只能侧边栏出现，比例很尴尬，查了一下air3怎么分屏，感觉我的操作没毛病，后来发现，浏览器是可以成功五五分屏的，但很多软件却不行，突然就有种吃了屎的感觉，视频软件里不能分屏我还怎么愉快的做笔记，导致我闲置了它好几天，这期间就看了几集电视剧…感觉我的生产力值已经降为0了。买的时候很纠结是air3还是mini5，主要是屏的问题，如果不是为了做笔记，我更喜欢mini5，又便宜，又便携，多可爱啊，明天我再研究研究怎么记笔记更舒服吧，就是我的类纸膜因为春节还没有发货，电容笔写起来总觉得像写在玻璃上一样…就酱，东西还是很好的，而且教育优惠的话，和苏宁价格也差不了几百，而且官网分期没有手续费，挺好的、好评啦。就是好奇官网怎么知道我是学生的、我朋友打开同样的界面就没有教育优惠四个字，莫不是和学信网合作了？
很香,很香
很赞 工作 学习 很 方便,很赞，工作学习很方便！！
第一次 苹果 机器 感觉 很 好 系统 很 流畅 屏幕 很大 官方 旗舰店 里 买 东西 比较 放心 贵 几百块 钱 问题 再来 追评,第一次用苹果的机器，感觉很好，系统很流畅，屏幕也很大，在官方旗舰店里买东西比较放心，虽然贵了几百块钱，有问题再来追评吧
发货 很快 发 顺丰 保护 用户 隐私 没有 写 东西 包装 很 好 相信 官网,发货很快发的顺丰、保护用户隐私没有写是什么东西。包装的也很好。相信官网
包装 完整 激活 后 慢慢 适应 操作 页面 整体 感觉 非常 棒 提高 学习 效率,包装完整，激活后在慢慢适应操作页面 整体感觉非常棒 能提高学习效率
很 好 商品 没 问题 个人 觉得 黑色 应该 更好 看,很好，商品没问题，但个人觉得黑色应该更好看！
香 ~,香~
宝贝 收到 很 好 官网 没 说 第一次 手机 这次 平板 唯一 不足 后壳 几个 小点 痕迹 整体 来说 还好 希望 以后 还 做到 更好 下次 光临,宝贝收到，很好，官网没的说，第一次手机，这次平板，唯一的不足就是后壳有几个小点痕迹，整体来说还好，希望以后还可以做到更好，下次光临！
几天 不错,用了几天不错啦！
目前 没什么 问题 买手机 划算,目前没什么问题，比买手机划算
买前 生产力 买后 爱奇艺,嗯。买前生产力 买后爱奇艺！
发货 第二天 收到 包装 … … 看 一下 显色 外观 都 不错 薄薄的,发货第二天就收到了，包装……也就这样吧，看了一下，显色外观都不错，薄薄的，
想着 买 来看 工程图 编辑 资料 追剧 打游戏 真香,想着买来看工程图、编辑资料的。。。嗯。追剧打游戏真香
一段时间 评价 很 好 很 流畅 电池 耐用 正品 发货 运输 都 很快,用了一段时间来评价的，很好用，很流畅，电池也耐用，是正品，发货运输都很快
挺不错 很 优秀 12 期 免息 加 教育 优惠 美滋滋,挺不错的 很优秀 12期免息 加教育优惠 美滋滋
之前 听到 一句 评论 苹果 产品 没 长进 没 对手 nice nice nice,之前听到一句评论，苹果的产品就是，没长进，没对手：）nice，nice，nice
到货 很快 想 买 很 久 深灰色 很 好看,到货很快，想买很久了啦～深灰色很好看呀
目前 还 不错 大小 正合 心意 喜欢,目前用着一直还不错，大小正合我心意，喜欢
喜欢 不 懂 问 客服 小姐姐 很 耐心 官网 买 东西 保障,喜欢 不懂的问客服 小姐姐也很耐心 官网买东西就是有保障
教育 优惠 12 期 免息 真香,教育优惠12期免息真香
不错 屏幕 很大 看起来 很 舒服 很薄,不错的，屏幕很大看起来很舒服，也很薄
灰色 太 好看 纠结 很 久 不 后悔,灰色太好看了！纠结了很久不后悔
质量 没得说 永远 支持 官网,质量没得说 永远支持官网
说 苹果 香 air3 真香,不管咋说还是苹果香，air3真香
使用 流畅 简洁 舒适,使用流畅简洁舒适
外观 很漂亮 还 没用 用后 再评,外观很漂亮，还没用，用后再评
官网 买 东西 放心,官网买东西就是放心
东西 真 好 真不错,东西真好，用着真不错!
官网 东西 给力,官网的东西就是给力
高大 上 深空 灰,高大上的深空灰！
总体 来说 不错,总体来说不错
苹果 配套 真的 舒适,苹果配套用是真的舒适。
电脑 收到 感觉 还 不错 客服 很 热心,电脑收到了，感觉还不错，客服也很热心。
很棒 还 适应 希望 成为 生产力,很棒，还在适应。希望成为生产力。
很 好 灰色 非常 好看 很 流畅,很好，灰色非常好看，也很流畅
包装 完整 运行 流畅 官网 买 保障 之前 mini 现在 爸爸 这次 买 air 屏幕 尺寸 大 看 视频 刚刚 好,包装完整 运行流畅 在官网买有保障之前一直用mini 现在给爸爸用了，这次买的air 屏幕尺寸大，看视频刚刚好
深空 灰 很 喜欢 后期 回来 追评,深空灰很喜欢，后期回来追评哦
旗舰店 质量 保障 赞,旗舰店，质量有保障，赞！
官网 买 放心 很 好 nice,还是官网买放心，很好nice
很 好 充电 快 屏幕 大小 很 好,很好用，充电也快屏幕大小也很好
买 类纸 膜 二 代笔 写画 起来 真的 特别 舒服,买了类纸膜和二代笔，写画起来真的特别舒服
外观 材质 触屏 灵敏 材质 不错 显卡 效果 OKOKOK 电脑 性能 操作 流畅 贼 舒服,外观材质：触屏灵敏，材质不错 显卡效果：OKOKOK 电脑性能：操作流畅 贼舒服
不错 很 好 性能 很 强劲 很 轻 很薄 上 一代 ipad6 强多,不错，很好，性能很强劲，很轻很薄，比我上一代ipad6 强多了！
整体 来说 很 好 很 轻便 自带 阅读 app 会 吞 笔记 反应 会 一点点 慢 都 很 完美,整体来说很好用，很轻便 自带的阅读app会吞笔记 有的时候反应会有一点点慢 其他都很完美
真的 香 早买 早香,真的香，早买早香
平板 很 好 超薄 手感 好 屏幕 超棒,平板很好哦，超薄，手感好，屏幕超棒！
款 平板 真的 挺好用,这款平板真的挺好用
满足 非常 好,满足了 非常好
感觉 很 不错,感觉很不错
刚用 第一天 先 好评,刚用的第一天，先好评，有什么再说吧
高品质 高 实用 高效率 主要 用来 工作 学习 值得 推荐,高品质，高实用，高效率，主要是用来工作和学习！值得推荐！
屏幕 很大 起来 很 轻薄,可以，屏幕很大，拿起来也很轻薄
外观 材质 很 ok 没有 瑕疵 显卡 效果 nice 电脑 性能 nice,外观材质：很ok没有瑕疵 显卡效果：nice 电脑性能：nice
画 插画 很 好 客服 不行,画插画很好用。客服不行。
非常 棒,非常棒
非常 满意 包装 非常 到位 买 官方 东西 好 十万分 放心,非常满意，包装也非常到位，买官方的东西就是好十万分的放心。
上 ipad 7 年 很 节约,上一个ipad用了7年、我也是很节约了
非常 棒 客服 很 好 苹果 厉害,非常棒，客服也很好，苹果厉害
5 天 后来 评论 买 二 代笔 还 没 买 键盘 套 重量 非常 轻 以前 ipad mini4 差不多 手里 看书 看 视频 不会 累 屏幕 够 大 用来 分屏 很 舒服 无论是 看 视频 聊天 看书 做 笔记 都 适合 ipad air 基本上 满足需要 pro 颜值 屏幕 分屏 效果 都 更好 买 绝对 不会 失望 学生 看 书写 论文 白领 轻 办公 经常 出行 看 视频 喜欢 写字 画画 人 都 很 适合,用了5天后来评论，另外买了二代笔，还没买键盘套。重量非常轻，跟以前的ipad mini4差不多，拿手里看书看视频不会累，屏幕够大用来分屏很舒服，无论是边看视频边聊天还是看书做笔记都适合。虽然ipad air基本上能满足需要，但pro无论颜值，屏幕，还是分屏效果都更好，买了绝对不会失望，学生看书写论文 白领轻办公 经常出行看视频 喜欢写字画画的人都很适合
外观 材质 喜欢 显卡 效果 好用 电脑 性能 很棒,外观材质：喜欢！ 显卡效果：好用！ 电脑性能：很棒！
i 下 单转 天到,俺i，下了单转天到
外观 材质 手感 太好了 喜欢 不像 以前 iPad 那种 中间 厚 两边 薄 画板,外观材质：手感太好了，我喜欢，不像以前iPad那种中间厚两边薄，这就像一个画板一样
不错 不错 晚上 下 订单 第二天 下午,不错不错，晚上下订单，第二天下午就到了
外观 材质 造型 独特 设计 风格 简约 电脑 性能 性能 不用说 很 好,外观材质：造型独特设计风格简约 电脑性能：性能不用说了，很好
描述 基本一致 不愧为 世界名牌 女儿 真的 爱不释手 一贯 以来 不 喜欢 电子产品 爱人 说 真不错 想 玩 一玩 确实 正品 质量 好 客服 很 好 物流 更是 光速,与描述的基本一致，不愧为世界名牌，女儿真的是爱不释手，甚至一贯以来不喜欢电子产品的爱人也说真不错，也想玩一玩，确实是正品，质量就是好！客服很好，物流更是光速！
很 流畅 很 好 外观 挺 好看,很流畅，很好用，外观也挺好看
11 的确 好看 喜欢 大 点 玩游戏 不 习惯,11的确好看，是我喜欢的！就是大了点，玩游戏不习惯。
很 好 很 满意,很好，很满意
买前 生产力 买后 爱奇艺 爱 学习 学习 使 快乐,买前生产力 买后爱奇艺 我爱学习，学习使我快乐
买来 学习 第一次 苹果 产品 刚 不太熟悉 几天 好 苹果 屏幕 确实 好,买来学习用的，第一次用苹果产品，刚开始不太熟悉用几天就好了，苹果的屏幕确实是好的。
挺 好 最新款 价格 相当 美丽,挺好的，最新款，价格也相当美丽
不错 挺 满意 很 流畅 电量 够 足 大爱,不错，挺满意的，很流畅，电量够足，大爱，
早就 到手 特地 星期 才 评价 外观 没有 损坏 机子 好 特别 流畅 物流 快 没话说 贵点 没话说 起来 二个 字 形容 真香,早就到手了特地用了一个星期才来评价，外观没有损坏机子是好的，特别流畅。物流快的没话说。总的来说就是贵点别的没话说。用起来二个字形容：真香！
很 好 完全 用于 学习 十分 足够,很好，完全用于学习是十分足够的了
买前 生产力 买后 爱奇艺 性能 过剩,买前生产力，买后爱奇艺，性能过剩
非常 实用,非常实用
颜值 非常 高 喜欢 喜欢 喜欢 喜欢 非常 给力 喜欢 喜欢 喜欢 再也 不用 老公 抢 电脑,颜值非常高 喜欢喜欢喜欢喜欢非常给力喜欢喜欢喜欢 再也不用跟老公抢电脑用了
外观 材质 地表 最强 绝非 虚传 手感 显卡 效果 色彩鲜艳 分辨率 高 画面 很 细腻 电脑 性能 玩游戏 特效 全开 不卡 不顿 性能 强悍 没得说,外观材质：地表最强绝非虚传，手感可以 显卡效果：色彩鲜艳分辨率高画面很细腻 电脑性能：玩游戏特效全开不卡不顿性能强悍没得说
外观 材质 大气,外观材质：大气
很 棒棒 11 寸 刚刚 好 看 视频 够 大 玩游戏 能够 12.9 寸太大 玩游戏 总有 住 两边 点 不到 技能 感觉 256G 够 很 棒棒,就很棒棒！11寸刚刚好！看视频也是够大的，玩游戏也能够到😂12.9寸太大了，玩游戏总有拿住两边点不到技能的感觉😂，256G也是够我用了，就很棒棒！
很 满意 官网 东西 谱,很满意，官网的东西靠谱
宝贝 收到 完好无损 值得 信赖,宝贝收到了！完好无损，值得信赖。
外观 真的 绝 巨 好看 颜色 很 喜欢 手里 很薄 玩起来 非常 流畅 看 喜欢 充电 不是 苹果 专用 数据线 改用 top c 接口 找 充电器 比较 方便 充电 速度 比较 快 充 一次 大概 用个 两三天 屏幕 很大 看电视 很爽,外观真的绝了，巨好看，颜色也很喜欢，拿在手里很薄，玩起来也非常流畅，怎么看怎么喜欢，充电不是用的苹果专用数据线了，改用top-c接口，找充电器也比较方便，充电速度也比较快，充一次的话大概用个两三天，屏幕很大，看电视很爽。
画画 真 优秀,画画真优秀👌
宝贝 收到 完好无损 值得 信赖 网上 购物 完全 不 虚,宝贝收到了！完好无损，值得信赖。网上购物完全不虚！
第一 有点 小 问题 依凡 客服 很 耐心 人 很 好 新 很 香 当然 炸 香,因为第一开始有点小问题，这个叫依凡的客服很耐心，人很好，新的到了，用着很香，当然，炸🐔也香
很 喜欢 全面 屏 太爽了 本来 想 买 最大 12 寸 想想 没有 必要 iPad Pro 性能 很 好 买 深空 灰色 很 好看 镜头 总是 看不到 都 黑色 ￼ 购物 理念 买 性能 高 买 性能 高 毕竟 不 知道 以后 会 用来 干嘛 买 画笔 特别 想 学 画画 ￼,很喜欢全面屏，太爽了，本来想买那个最大的12寸的，但是想想没有必要，iPad Pro的性能很好，买了深空灰色也很好看，就是镜头总是看不到在哪里，因为都是黑色的。￼我的购物理念就是能买性能高的就买性能高的，毕竟不知道以后会用来干嘛。买了这个和画笔就特别想学画画。￼
香,香
特别 好 特别 喜欢 颜色 高大 上,特别好，也特别喜欢颜色高大上
官方 旗舰店 质量 保证 送货 速度 很快 买 第二天 教育 优惠价格 划算 还 12 期 分期 免息 很 满意 接下来 慢慢 还花 咯,官方旗舰店，质量有保证，送货速度也很快，买的第二天就到了，用了教育优惠价格也划算，还可以12期分期免息，很满意，接下来慢慢还花呗咯
正品 这款 iPad 震撼 到货 很快,正品 被这款iPad震撼到了 到货也很快
来看 视频 还 不错 没有 问题 快递 特别 快 晚上 下单 第二天 早上 很棒,拿来看视频的，还不错，没有什么问题，快递特别快 晚上下单第二天早上就到了很棒
外观 材质 不错 很 喜欢 电脑 性能 性能 不错,外观材质：不错 很喜欢 电脑性能：性能不错
今天 收到 超好 然鹅 一代 笔用 不了 只好 再 入手 二 代笔,今天收到！超好，然鹅一代笔用不了，只好再入手二代笔
好看 ｡ ･ ω ･ ｡ ﾉ ♡,好看(｡･ω･｡)ﾉ♡
女朋友 挺 满意 这次 发货 快 教育 补贴 好,女朋友挺满意，这次发货快，教育补贴好
打开 之后 惊艳 太 好看 很 好 苹果 东西 不,打开之后被惊艳到了，太好看了吧。很好用，苹果的东西就是不一样。
官网 买 放心 顺丰 第二天 很 喜欢 一款 iPad 机身 薄 运行 速度 超级 流畅,官网买的放心，顺丰第二天就到了。很喜欢的一款iPad了，机身薄，运行速度超级流畅
太 喜欢 手感 超棒 音质 爆 爱 爱,太喜欢了，手感超棒，音质也好到爆，爱了爱了！
非常 好用 学习 娱乐 都 特别 方便,非常好用，学习娱乐都特别方便
出门 走 好 几天 回来 确认 晚 宝贝 不错 正在 研究 使用 这次 学习 做 笔记 好帮手 大爱 物流 速度 快递 员太度 一流,出门走了好几天回来确认晚了，宝贝不错，正在研究怎么使用，这次学习做笔记有了好帮手了，大爱！物流速度和快递员太度一流
孩子 超 喜欢,孩子超喜欢！
款式 大方 质感 很 好 好评,款式大方，质感很好。好评！
这用 确实 劲 手感 特别 好,这用的确实是得劲，手感特别好
朋友 介绍 网店 刚 收到 快递 不 知道 好不好 过后 好用 再 追评,朋友介绍的网店，刚收到快递，不知道好不好用，等用了过后，好用再追评
想 买 很 久 真心 不错,想买很久了，真心不错
确实 好 东西,确实是好东西。
外观 材质 特别 好看 接下来 看 弯 不 弯 显卡 效果 信赖 苹果 电脑 性能 害 电脑 有点 麻烦,外观材质：特别好看 接下来就是看他弯不弯 显卡效果：一直信赖苹果 电脑性能：害 就是连电脑有点麻烦
手感 很 好 很 喜欢,手感很好，很喜欢
发货 速度 很快 卖家 服务 目前 很 满意,发货速度很快，卖家服务也好，目前很满意
肾 很 好 还要 分期 割 那种,我的肾很好用，而且还要分期割那种
功能强大 爆 持握 感 非常 舒服 很薄 很 轻盈 爽歪歪 验证 正品 国货 值 真的 值,功能强大到爆！持握感非常舒服，很薄很轻盈，爽歪歪！验证为正品国货，值，真的值！
灰色 很 高雅 笔来 之后 画画 昨天 凌晨 拍 今天 满意,灰色很高雅.等笔来了之后就画画啦！昨天凌晨拍的今天就到了。满意！
发货 很快,发货很快
不错 不错 加上 笔画 起来 效果 很棒,不错不错，加上笔画起来效果很棒
终于 买到 开心 网络 不行 后来 商家 help 需要 update 现在 特别 好用 good,终于买到了 开心 开始网络不行 后来经过商家help 需要update 现在 特别好用 good
收获 快乐 金钱 味道 手感 超级 好 嘿嘿,收获快乐！是金钱的味道！手感超级好！嘿嘿
好看 好用 好 轻,好看好用好轻
包装 完好,包装完好的
好久没 买 新款 ipad 冲着 颜值 买 确实 不错 轻便 但愿 开启 学习 状态,好久没买新款ipad了 冲着这个颜值买的 确实不错 轻便 但愿能开启学习状态
性能 很强 绘画 很 不错,性能很强，绘画🎨很不错
终于 拥有 ipad 开心,终于拥有ipad啦 开心
小 pro 好 喜欢,哦我的小pro我好喜欢你
一定 会 好好 画画,一定会好好画画的！
好用 没得说,好用，没得说！！
十分 好用,十分好用
很 好 感觉 有点 大 哈哈哈,很好，感觉就是有点大，哈哈哈
太 喜欢,我太喜欢了！
都 好 官网 买 东西 膜 套子 都 没 真心 太 失望 不 去 买 真心 觉得 店铺 良心 都 狗 吃,什么都好，官网买东西，一个膜，一个套子都没给，我真心太失望了，这个时候你不给，你让我去哪里买，真心觉得你们店铺良心都被狗吃了！
整体 都 很 满意 很 轻薄 性能 方面 没得说 买来 想 督促 画画,整体都很满意，很轻薄，性能方面没得说，买来就是想督促自己画画的
不 说 太香 躺 床上 摸鱼 不能 再 方便 颜值 很 高 深空 灰 特别 漂亮,啥也不说了，太香了，可以躺在床上摸鱼了！不能再方便了，颜值很高！深空灰特别漂亮！
物流 快 颜值 高 东西,物流快，颜值高，东西也好。
双十 晚上 马 爸爸 发了 大红包 果断 下单 iPad Pro,双十一晚上马爸爸发了大红包，果断下单iPad Pro
太爽了 大屏幕 超轻 性价比 很 高 不愧 苹果,太爽了吧大屏幕，而且超轻，性价比很高，不愧是苹果
pro 只能 说 无敌 太香 配 上 笔画 画 真的 很 方便 不用 电脑前,pro只能说是 无敌 太香了 配上笔画画真的很方便 不用一直待在电脑前了
真香 小时候 很 抗拒 苹果 现在 真的 好香 哈哈哈,真香！小时候我很抗拒用苹果，现在真的好香哦哈哈哈
屏幕 外放 matepad 好 操作 顺滑 续航 10 小时 左右 看剧 神器,屏幕和外放比matepad好 操作顺滑 续航10小时左右 看剧神器
很 不错 苹果 很 牛,很不错，不过苹果还是很牛
东西 不错 iOS 操作系统 不太 习惯,东西不错 就是iOS的操作系统不太习惯了
帮人 下单 真的 非常 好看 太漂亮 很 喜欢 ￼,帮人下单的，真的非常好看，太漂亮了，很喜欢。￼
很 轻薄 不错,很轻薄 不错
很 好 很 好 想要 效果 来说 看 电视屏幕 已经 够,很好很好，是我想要的效果，对我来说看电视屏幕已经够了
显卡 效果 无敌 电脑 性能 无敌 外观 材质 帅气,显卡效果：无敌 电脑性能：无敌 外观材质：帅气。
确实 好 东西 正是 非常 需要 希望 好 很 久,确实是好东西 正是我非常需要的 希望他好用很久
打开 之后 惊艳 太 好看 很 好 苹果 东西 不,打开之后被惊艳到了，太好看了吧。很好用，苹果的东西就是不一样。
发货 超级 快 第一天 下午 下单 第二天 早上 超级 赞 mini4 下岗 官方 放心,发货超级快～第一天下午下单，第二天早上就到啦，超级赞👍我的mini4下岗啦～官方放心。
宝贝 收到 质量 不错 物超所值 好评,宝贝收到了，质量不错，物超所值。给个好评！
电脑 性能 电脑 性能 不用说 显卡 效果 显卡 不错 外观 材质 手感 不错,电脑性能：电脑性能不用说了 显卡效果：显卡不错 外观材质：手感不错
大爱 有没有 推荐 几款 软件,大爱，有没有推荐几款软件？
非常 好用 平板 超出 预期,非常好用的平板。超出预期！
满意 满意 很 好 很 好 很 好 很 好,满意满意很好很好很好很好
看 视频 iPhone x 好多 真香,看视频比iPhone x 好多了，真香
宝贝 挺 好,宝贝挺好
手感 太好了 很 喜欢,手感太好了 很喜欢
颜值 高 屏幕 好,颜值高，屏幕好
外观 材质 外观 买 最大 动力 显卡 效果 非常 好 电脑 性能 平板 性能 相当 强悍 安兔 兔 跑 分 69 万,外观材质：外观是我买他最大的动力 显卡效果：非常好 电脑性能：平板性能相当强悍，安兔兔跑分69万+
非常 好 第一次 买 官网 应该 值得 信耐 贵点 买个 心安,非常好，第一次买，官网应该值得信耐，就是贵点，买个心安
不错 挺好用,不错挺好用
好用 买 键盘,好用 买了键盘
画面 真棒,画面真棒
非常 好用,非常好用
很 好 性价比 很 高,很好，性价比很高
新机 开 不了 机 苹果 电话 客服 折腾 二十分钟 才 打开 估计 路上 挨冻 哈哈哈 挺 好看 话 说 顺丰 快 物流 好评,新机到了开不了机，和苹果电话客服折腾二十分钟才打开，我估计是路上挨冻了哈哈哈，挺好看的，话说，顺丰就是快，给物流好评
暂时 不错 很 舒服 反省 速度 很快 希望 不要 出 问题,暂时用着不错，很舒服，反省速度很快，希望不要出什么问题。
ipad air2 终于 寿终正寝 这款 ipad 非常 好用 主要 用来 王者 买个 小 容量 流畅 爆炸,我的ipad air2终于可以寿终正寝了，这款ipad非常好用，主要用来打王者，所以买个小容量的，流畅到爆炸
不愧 无敌 pro 太 pro,不愧是无敌的pro！太pro了
真香,真香
终于 拿到 很 好,终于拿到了，很好
教育 优惠 入手 颜值 超级 高 入手 半个 月 用来 看电视 ..... 真的 买 前 生产力 买后 爱奇艺 还 没有 买笔 没 办法 很 好 app 只 家用 没带 出去 暂时 还 没 出现 网传 容易 弯 现象,教育优惠入手的 颜值超级高 入手半个月了一直用来看电视.....真的是买前生产力买后爱奇艺（因为还没有买笔 没办法很好的用那些app）因为我只在家用 没带出去过 暂时还没出现网传容易弯的现象。
平板 ipad 最好 prol type c 接头 款 不 里面 系统 苹果 ios 系统 goodnote 下 起来 刷题 刷起来 完美 学习 工具,平板就是ipad最好了，prol 是type c的接头，和其他款不一样，里面的系统是还是苹果的ios系统。goodnote下起来，刷题刷起来，完美的学习工具
外观 材质 手感 超棒 显卡 效果 不错 电脑 性能 挺 好 没有 出现 评论 说 断触 奇葩 问题 棒呆 弯曲 问题 完全 没有 完美,外观材质：手感超棒 显卡效果：不错 电脑性能：挺好 没有出现评论说的断触之类的奇葩问题！棒呆！还有什么弯曲问题，完全没有！完美
一分 价钱 一分货 完美 快递 小哥 非常 认真 都 好评,一分价钱一分货，完美，快递小哥非常认真，都好评
好用 再 搭配 二代 pe il 看 视频 做 笔记 太棒了 屏幕显示 很 舒服 画画 使用 体验 简直 太好了 发货 速度 很快 顺丰 快递 第二天 官方 旗舰店 买 放心 超级 喜欢,好用，再搭配二代pe**il，边看视频边做笔记太棒了，屏幕显示很舒服，也可以画画，使用体验简直太好了。发货速度很快，顺丰快递，第二天就到了。还是在官方旗舰店买放心，超级喜欢。
双十 一快 结束 时 收到 一张 满 减券 临时 抓来 凑单 没有 home 键 开阔 好多 看 电影 视频 都 很 舒服,双十一快结束时，收到了一张满减券，临时抓来凑单的，没有了home键，开阔了好多，看电影视频都很舒服
包装 精美 拿到 手后 体验 感觉 非常 好 运行 非常 流畅 很 开心 很 愉快 一次 购物 好评,包装精美，拿到手后体验的感觉非常好，运行非常的流畅，很开心，很愉快的一次购物，给个好评。。。。。
特意 几天 来评 颜色 声音 方面 都 很 好 非常 喜欢 应该 正品 没查 太贵,特意用了几天来评的，颜色声音各方面都很好，非常喜欢，应该是正品没查，就是太贵了
最 抠 最香 还 说 恃宠而骄 这点 真的 人 很 讨厌 诶 … … OK 说完 滚 去 学习 外观 材质 fine 显卡 效果 fine 电脑 性能 fine,最抠的是你，最香的还是你，我还能说什么呢？恃宠而骄这点是真的让人很讨厌诶……OK，说完了，滚去学习！ 外观材质：fine 显卡效果：fine 电脑性能：fine
外观 材质 无可挑剔 平板 电脑 ipad 考虑 入手,外观材质：无可挑剔，平板电脑只有ipad可以考虑入手。
终于 收到 体验 一下 很 不错 一段时间 再 追评,终于收到，体验一下很不错，用一段时间再追评。
女朋友 买 超好,给女朋友买的，超好用
用安卓 系统 惯 一下 换个 系统 还 挺 不 顺手 很 喜欢 苹果 第一个 入手 苹果 产品 愿 越来越 好,用安卓系统惯了，一下换个系统还挺不顺手。但是一直很喜欢苹果，这是我第一个入手的苹果产品！愿我们彼此越来越好。
下单 第二天 收到 速度 很快 检查 包装 完好 开机 没 问题 机列 号 网上 查询 真的 两周 后 暂时 没有 发现 问题 很 满意,下单第二天收到速度很快，检查包装完好，开机没问题，机列号网上查询真的。两周后暂时没有发现问题很满意
不用说 买 第三个 比较 好用 哈哈哈,不用说了 买第三个了 比较好用 哈哈哈
很 棒棒 用来 画画 推荐 买 pro,就很棒棒 用来画画的 推荐买pro
商品 iPad 牛 逼 整体 感受 很 不错 款 支持 Face ID 解锁 特别 方便 快速 超级 满意 iPad 平板 中 最 顶级 存在 屏幕 再 小 一点 好,商品：iPad还是牛逼，整体感受很不错，而且，这款支持Face ID解锁特别方便，快速。超级满意。iPad还是平板中最顶级的存在。不过屏幕如果再小一点就好了
还 行,还行
非常 喜欢 高兴,非常喜欢💕，高兴😊
很 满意 很 轻薄 直角 设计 很 型 不 容易 滑 双十 一有 优惠 很 划算,很满意很轻薄 直角设计很有型 拿着也不容易滑 双十一有优惠很划算
超级 好用 贴 膜 带 壳 上路,超级好用，贴了膜带了壳，上路
很棒 手感 舒适 运行 流畅 音质 不错 物流 很快,很棒，手感舒适，运行流畅，音质不错，物流很快
mini4 光荣 退休,mini4光荣退休！
发货 很快 很 及时 原装 正品 激活 时间 正确,发货很快，很及时。原装正品，激活时间正确
外观 材质 11 寸 很 轻 很薄 很 手感 显卡 效果 游戏 画面 开 极致 完美 电脑 性能 性能 还 体验 当中 过些日子 再来 追评,外观材质：11寸很轻很薄，很有手感 显卡效果：游戏画面可以开到极致，完美 电脑性能：性能还在体验当中，过些日子再来追评
手感 太好了 很 轻薄 带 出去 很 方便 之前 iPad3 实在 优秀 太 看剧 很爽 音质 很棒,😍手感太好了，又很轻薄，带出去很方便～比之前的iPad3实在是优秀太多，看剧很爽！音质很棒！
外观 材质 很 轻薄 手感 很 好 显卡 效果 没 玩游戏 画画 方便 电脑 性能 流畅 不卡,外观材质：很轻薄，手感很好 显卡效果：没玩游戏但是画画方便 电脑性能：流畅不卡
外观 材质 好 显卡 效果 清 电脑 性能 快,外观材质：好 显卡效果：清 电脑性能：快
完美,完美
特意 一段时间 激活 时间 没有 问题 官方 旗舰店 买 省心 平板 买 苹果 真香,特意用了一段时间，激活时间没有问题，官方旗舰店买的就是省心，平板还是要买苹果，真香！
nice,nice
相中 好久 方面 都 没得说 目前 最强 最美 平板,相中好久了，各方面都没得说，目前最强最美的平板
帮 朋友 买 收到 货 没有 问题 朋友 做 设计 主要 买来 画画 旗舰店 卖 放心 不会 翻新 品质 问题,帮朋友买的，收到货没有任何问题 朋友是做设计的，主要是买来可以画画什么的 旗舰店卖还是放心，不会有翻新什么的品质问题
不错 手感 很 好,不错，手感很好
外观 材质 好 显卡 效果 棒 电脑 性能 好棒,外观材质：好 显卡效果：棒 电脑性能：好棒
耗电 太快 不错 超级 棒,耗电太快。其他不错。超级棒
宝贝 很 好 起来 很 舒服 唯一 美中不足 价格 太贵,宝贝很好，用起来很舒服。唯一美中不足的就是价格太贵😂
第一次 买 深空 灰色 iPad 之前 都 银色 灰色 很 好看 很 耐看,第一次买深空灰色的iPad，之前都是银色的，灰色的也很好看很耐看
包装 完整无缺 外观 材质 满意 显卡 效果 效果 不错 电脑 性能 运行 还 刚 买来 三天 出现 两次 死机 状态 很 不爽 客服 反映 都 忙 线 中,包装完整无缺、 外观材质：满意 显卡效果：效果不错 电脑性能：运行还可以、刚买来三天出现了两次死机状态很不爽、跟客服反映一直都在忙线中、
好评,好评，
外观 材质 很 好 显卡 效果 很 好,外观材质：很好 显卡效果：很好
特意 很 久 才 评论 包装 很 好 很 好 特别 电量 比起 之前 迷你 好多 毕竟 mini 四五年 再配 上笔 好 软件 真的 很 适合 画画 学习 使用 唯一 缺点 可能 太大 不好 带 嘿嘿,特意用了很久才来评论，包装很好，用着也很好 ，特别是电量比起之前的迷你好多了，毕竟mini用了有四五年了，再配上笔和好用的软件真的很适合画画，学习的使用，唯一缺点可能是太大不好带，嘿嘿。
两字 真香 好用 方面 都 很 OK,两字。真香。好用的。各方面都很OK
深空 灰 耐看 配笔 还 不错,深空灰耐看，配笔用着，还不错
外观 材质 不得不 说 pro 做 确实 很 好看 购买 键盘 笔 以后 看着 更 舒服 显卡 效果 主要 用来 轻 办公 没 玩游戏 屏幕 看起来 真的 舒服 电脑 性能 pad 之前 mini2 光荣 下岗 入手 pro 目前 来看 很 不错,外观材质：不得不说pro做的确实很好看，购买了键盘和笔以后看着就更舒服了 显卡效果：主要用来轻办公了，也没玩游戏，但是屏幕看起来是真的舒服 电脑性能：一直用的pad之前的mini2光荣下岗了，然后入手的pro，目前来看还是很不错的
不愧 官方 旗舰店 包装 非常 好,不愧是官方旗舰店 包装非常好
种草 很 久 终于 官网 下手 放心 一段时间 流畅 喜欢,种草很久，终于在官网下手，放心，用了一段时间，各种流畅，喜欢
外观 材质 好 显卡 效果 好 电脑 性能 好,外观材质：好 显卡效果：好 电脑性能：好
非常 喜欢 一款 iPad 今年 终于 入手 起来 很棒 越来越 喜欢,非常喜欢的一款iPad，今年终于入手了，用起来很棒啊，越来越喜欢了。
外观 材质 完美 显卡 效果 完美 电脑 性能 完美,外观材质：完美 显卡效果：完美 电脑性能：完美
很 好 官方 旗舰店 没有 赠品 品质 可以信赖,很好～就是官方旗舰店没有任何赠品。不过品质还是可以信赖的。
好评 操作 感 满分,好评，操作感满分
帮 朋友 买 东西 很 喜欢,帮朋友买的，东西他很喜欢
外观 材质 非常 满意 舔 狗,外观材质：非常满意，我是舔狗
性能 不用 说 很强 第一次 感觉 文件 这块 不 熟,性能不用多说，很强，第一次用，感觉文件这块自己不熟。
速度快 屏幕 大 超值,速度快，屏幕大，超值
喜欢 想 ipad 双十 红包 拿来 买 以后 开买 mac,喜欢，一直想在ipad，双十一红包就拿来买这个了。以后开买mac呀
宝贝 很 好 真 精致 物流 力 双十 第三天,宝贝很好，真精致。物流也给力双十一第三天就到了
好看 好用 真香,好看 好用 真香
一如既往 好 东西,一如既往的好东西
感觉 超棒 用来 干 好多 事,感觉超棒！可以用来干好多事
非常 奈斯 平板 iPad 牛批 很 好 刚刚 出厂 耶,非常奈斯，平板还是iPad牛批，很好，刚刚出厂的，哦耶
到手 非常 快 全面 屏用 爽,到手非常快 全面屏用这就是爽
不错 不错 这次 双十 发货 速度 超快 媳妇 喜欢,不错，不错，这次双十一发货速度超快，媳妇喜欢
外观 材质 满意 满意,外观材质：满意满意
妈妈 说 很 好 说 很 好 挺 好 妈妈 说 很 贵,妈妈说很好，我就说很好的嘛，挺好的，妈妈说很贵
刚用 第一天 目前 感觉 很棒,刚用了第一天，目前感觉很棒～
非常 好 包装 严密 发货 速度 很快 已经 迫不及待 玩 上 画 质感 超 清晰 逼真,非常好，包装严密，发货速度也很快，已经迫不及待的玩上了，画质感超清晰逼真。
今年 非常 时期 响应 国家 号召 宅 家里 送货 预期 快 这下 打发 时间,今年非常时期，响应国家号召宅在家里，送货比预期的快，这下可以打发时间了
时隔 五年 玩 DQ 不忘 初心 激动 感谢 PS4 Pro,时隔五年又能玩DQ了，不忘初心，激动，感谢PS4 Pro。
太爽了 机器 没 毛病 奥利,太爽了，机器没毛病，奥利给！😬😬😬
很 不错 玩 两天,很不错玩了两天了！
很 不错 目前 初始 版本 6.70 更新 后 才 登 入账 号,很不错目前初始版本是6.70要更新后才可以登入账号
正版 全新 值得 拥有,是正版全新的。值得拥有
不是 很 便宜 买 双十 划算,不是很便宜 要买还是等双十一什么的时候 划算
手感 很 好 看起来 很 高级 宅 在家 同志 福音,手感很好 看起来很高级 宅在家同志的福音
男朋友 很 喜欢 很 想 玩 地平线 画面感 很 不错 store 游戏 不 不 知道 是不是 大陆 版本 问题,男朋友很喜欢，我自己也很想玩。地平线画面感很不错，但是store的游戏不多，不知道是不是大陆版本的问题？
索尼 官网 直营 买 不得不 说 一点 快递 真块 过年 肺炎 期间 特地 问 好几家 店 都 说 不能 发货 这家 直营店 没 影响 机器 没 问题 肯定 全新 正品 玩 买来 宅 家里 玩 客服 OK 咨询 客服 问题 反馈 是不是 迅速 过年 期间 估计 值班人 少 理解 直营店 有点 不好 都 不 送 价格 还 店贵 以上 供参考,我是在索尼官网直营买的，不得不说一点，快递是真块，而且还是过年肺炎期间，特地问了好几家店，都说不能发货，只有这家直营店没影响，机器没问题（肯定是全新正品），一直在玩，买来就是为了宅家里的时候玩的。另外，客服也OK，咨询客服问题也有反馈（就是不是那么迅速，过年期间估计值班人少，也能理解）。直营店，有点不好，那就是什么都不送，价格还比其他店贵，以上供参考。
宝贝 快递 很快 玩 非常 爽 早上 玩 晚上 特别 棒,宝贝快递很快 玩的非常爽 从早上到了一直玩到晚上 特别棒
PS4 PRO PSVR 这下 打发 闲暇 时间,PS4 PRO＋PSVR，这下可以打发闲暇时间了
箱子 真大 试玩 一下 挺 好,箱子真大呀，试玩了一下，挺好的。
疫情 期间 给力 顺丰 第一次 入手 还 摸索,疫情期间，给力的顺丰，第一次入手，还在摸索
不错 不错 在家 玩 解闷,不错不错 在家就靠玩它解闷了
服务 蛮 细心 特殊 时期 没想到 物流 快 超好,服务蛮细心的，特殊时期没想到物流这么快！超好！
非常 完美 pro 性能 超强 超赞,非常完美！pro性能还是超强的！超赞！
物流 很快 服务态度 很 好 机器 看上去 高大 上 手感 棒棒 哒 马上 开机 玩 喽,物流很快，服务态度很好，机器看上去高大上，手感棒棒哒。马上开机玩喽👍🏻
实现 儿时 梦想 入手 现在 儿子 一起 享受 游戏 快乐 之后 还会 追加 评论 噢,实现儿时的梦想入手的，现在自己有了儿子，和他一起享受游戏的快乐🎮。之后还会追加评论的噢。
不 出门 在家 游戏 挺 好 满意,不出门，在家游戏挺好，满意
冲着 独占 游戏 买 很 不错 画质 很棒 后续 使用 再 看看 物流 包裹 很 好 很 安全,冲着独占游戏买的，很不错，画质很棒，后续使用再看看，物流包裹的很好很安全。
机子 很 好 疫情 还要 持续 很 久 没事 多宅 家里 打游戏,机子很好用，疫情还要持续很久，没事多宅在家里打游戏😷😷😷
还 没 拆箱 不是 最 主要 主要 特殊 时刻 顺丰 没有 耽误到 少 时间 顺丰点 赞,还没拆箱，但这不是最主要的，主要的是在这样一个特殊的时刻，顺丰也没有耽误到少时间，给顺丰点赞
很 好 很 优秀,很好。很优秀。 🤔🤔🤔🤔。
惊喜 以为 好久 才 会 收到 没想到 快 假期 玩 很 开心,惊喜，以为要好久才会收到。没想到这么快。假期玩的很开心。
发货 很快 送到 手 马上 拿来 玩 不错,发货很快，送到手就马上拿来玩，不错
很 好 毫无 问题 放心 购买 正版,很好，毫无问题。放心购买是正版
不错 体验 很 好 官网 卖 游戏 有点 少,不错 体验很好 就是官网卖的游戏有点少
好评 好评 早买 早 享受 晚买享 折扣,好评好评 早买早享受，晚买享折扣
很 好玩 疫情 期间 适合 家里 玩 不会 急,很好玩。疫情期间，适合在家里玩，也不会急了。
快递 很 力 唯一 不好 双手柄 套餐 手柄 不能 换 颜色 都 不错,快递很给力，唯一不好的就是双手柄套餐手柄不能换其他颜色，其他都不错
很 好 刚到 迫不及待 玩 画质 很 清晰 流畅,很好，刚到就迫不及待的开始玩，画质很清晰，流畅
好久 终于 收到 刚试 下 非常 棒,等了好久终于收到了，刚试了下，非常棒哦
好大 箱子,好大的箱子啊
机子 上午 收到 下班 回家 弄 包装 没有 磕碰 痕迹 开机 运行 没 看出 问题 机子 不错 这次 购物 很 满意 机子 游戏 够 玩 几年 玩腻 机子 PS5 成熟,这个机子上午收到 下班回家开始弄 包装没有磕碰痕迹 开机运行也没看出哪里有问题 机子不错 这次购物很满意 这机子游戏够我玩几年了 玩腻了这机子 PS5也该成熟了吧😊
有点 49 年入 国军 真香 索尼 大法 好,虽然有点49年入国军但还是真香，索尼大法好！
刚刚 回来 迫不及待 打开 不错,刚刚拿回来，迫不及待打开！不错哦！
机器 有点 沉 效果 完美 现在 非常 时期 入手 价格 肯定 不 美丽 没 办法 打发 时间 好 机器,机器有点沉，效果完美。现在这个非常时期入手，价格肯定不美丽，但也没办法，打发时间的好机器。
包 好 严实 巨大 箱子,包的好严实，巨大一个箱子。
满足 期待 愉悦,满足期待 愉悦开始
很 早就 想 买 玩 喜欢 游戏,很早就想买了，可以玩自己喜欢的游戏了。
正品 新 机子,正品新机子
玩 一天 宅家 日子 终于 不 难熬 谢谢 谢谢,玩了一天，宅家的日子终于不那么难熬了！谢谢谢谢！
物超所值 春节 期间 确实 客服 忙 以为 手柄 没想到 两个,物超所值！春节期间确实客服忙，我一开始以为一个手柄呢没想到两个。😄
赞,赞👍
送 男盆友 礼物 挺 喜欢,送男盆友的礼物，挺喜欢的
机子 不错 客服 回复 问题 太慢,机子不错 就是客服回复问题太慢了
好评 发货 快 套装 超值,好评，发货快，套装超值。
货 收到 很 喜欢 希望 好用,货收到了，很喜欢希望一直好用。
应该 所有 男孩子 最 想要 东西,这应该是所有男孩子最想要的东西吧
很 好 很 满意,很好很满意。
好评 第一次 玩 摸索,好评，第一次玩自己摸索
满意,满意！
物流 很快 玩 两天 还 不错 赞 一次 愉快 购物,物流很快，玩了两天还不错，赞，一次愉快的购物
这会 在家 不会 没有 意思 物流 真 快 周一 下单 三天 之内 收到 好 好玩,这会在家不会没有意思了，物流真快。周一下单三天之内收到。可以好好玩了
东西 很 好 发货 非常 快,东西很好，发货非常快
箱子 很大 圆 童年 梦,可以，箱子很大，圆了童年的梦，
包装 挺 仔细 好大 箱子 顺利 解锁 刚好 过年 会员 折扣 孩子 很 喜欢,包装挺仔细的，好大一个箱子，顺利解锁，刚好过年会员还有折扣，孩子很喜欢
刚 连接 电视 没 反应 以为 电视机 不 支持 后来 手柄 两下 突然 画面 没 问题 顺丰 物流 很快 注册 账号 弄 好久 港服 解锁,刚开始连接了电视没反应以为电视机不支持，后来用手柄按了两下突然就有画面了。其他没啥问题，顺丰物流也很快。注册账号弄了好久，港服也能解锁。
发货 很快 品质 很优,发货很快！品质很优！
男朋友 很 开心 很 喜欢,男朋友很开心很喜欢
过年 下单 很 力 正品,过年下单的，很给力！是正品
好 几天 再 评价 真的 好用 客服 有点 呆 有点 傻 哈哈哈,用了好几天再来评价 是真的好用，除了客服有点呆有点傻哈哈哈
体验 感 不错 手柄 玩游戏 很爽,体验感不错，手柄玩游戏很爽
目前 没有 问题 出现 效果 非常 好,目前没有啥问题出现，效果非常好
货 不错 有时 连不上 ps4 network,货不错，就是有时连不上ps4 network
妥妥 好评 心心念念 很久 ps4 pro,妥妥的好评，心心念念很久的ps4 pro
很 不错 已经 玩上,很不错 已经玩上了
好 手感 很棒 完美,好，手感很棒！完美！
再 来评 包装 很 好,用了再来评，包装很好
收到 非常 好,收到啦 非常好啦
很爽 很 舒服,很爽很舒服
满分 好评,满分好评
非常 好玩,非常好玩。
奎爷 简直 不要 太帅,奎爷简直不要太帅
包装 很 到位 收到 很 满意,包装很到位，收到很满意
超级 好玩 客服 服务态度 很 好 五星 好评,超级好玩！客服服务态度也很好！五星好评！
很棒 服务 交付 速度 很快,很棒的服务和交付速度很快。
Nice 接驾 4 公主 好久 这次 顺丰 有点 失望 游戏 晚 下单 一天 都 提前 机子 还要 Emmm 索尼 大法 完美 解锁 领了 樱花大战 特典 很 开心 哈哈哈哈 喜欢,Nice，接驾4公主了，等了我好久，这次顺丰有点让我失望了。游戏晚下单一天都提前到了，机子还要等，Emmm，索尼大法完美解锁，领了樱花大战的特典很开心。哈哈哈哈，喜欢！
太棒了 没话说 配 索尼 电视 没拖影 大法 好 刚 装修 好 第一件 事 玩 哈哈哈,太棒了，没话说，配索尼电视，没拖影，大法好啊！！！刚装修好第一件事就是开始玩哈哈哈
不错 挺帅,不错，挺帅的
玩 一会 没 问题 儿子 买 生日礼物 顺便 过儿 时 瘾 哈哈哈,玩了一会了 没问题👌🏻 给儿子买的生日礼物，我这顺便也过过儿时的瘾，哈哈哈
满意,满意！
男朋友 超 喜欢,可以 男朋友超喜欢
非常 满意,非常满意
配上 4k 电视 真的 很爽 画质 超赞 游戏 很 不错 手柄 连上 iPad 玩 很多 游戏 太赞,配上4k电视真的很爽，画质超赞，游戏也很不错。手柄连上iPad也可以玩很多游戏，太赞了👍
ps4 游戏 玩不惯,ps4游戏玩不惯
太赞 包装 箱子 有点 大 吓人 都 很 完美,太赞了，除了包装箱子有点大的吓人 一切都很完美
客服 爱理不理 半天 回 一句 官方语言 发货 速度 实在 不敢恭维 好好 假期 糟蹋,客服爱理不理，半天回一句官方语言。发货速度实在不敢恭维。好好的一个假期被你糟蹋了。
完好无损,完好无损
好,好啊
大大的 箱子 完美 包装 期待 后续 体验,大大的箱子！完美的包装！ 期待后续体验！
快递 包装 严实 下午 电视 玩玩,快递包装严实，下午连电视玩玩。
非常 好 解锁 港服 很 简单 过年 在家 玩,非常好，解锁港服也很简单，过年在家有的玩了
兄弟 三星 电视 完全 不要 听 客服 鬼扯,兄弟们 三星电视完全可以用 不要听客服鬼扯
商品 全新 封装 三码 合一 国行 版 WIFI 下 升级 7.02 刷港服 好 地平线 时间 不多 人 估计 玩 很 久 官方 放心 多花 两个 省心 ~,商品：全新封装三码合一 国行版WIFI下升级到7.02然后刷港服，好 地平线对我这样时间不多的人估计能玩很久 官方放心 多花两个省心~
客服 送过来 光盘 坏 售后 屎,这客服跟**一样，送过来光盘坏了也不管的，这售后跟屎一样
幸亏 年前 买 在家 可能 会 憋 疯 … …,幸亏年前买的，不然在家可能会被憋疯吧……
很 好 想 问下 新 游戏 盘 放进 主机 复制 应用程序 后 以后 玩 都 放 光盘 进去,很好，想问下，新的游戏盘放进主机复制了应用程序后，以后玩也都要放光盘进去吗？
包装 好 盒子 超级 大,包装的好，盒子超级大
Amazing,Amazing
先攢錢 我家 垃圾 海信 換了 再 說,先攢錢把我家的垃圾海信換了再說。
拿到 试玩 后来 评价 速度 很快 相信 国行,拿到试玩了后来评价，速度很快，相信是国行
一次 成功 很 顺利 没 遇到 问题,哈哈，一次成功，很顺利，没遇到任何问题
宝贝 已 收到 增进 兄妹 之间 感情,宝贝已收到，增进兄妹之间的感情😄
村 第一个 淘宝 上 买 东西 人 大部分 人 不 网购 买 东西 不起 5 块钱 听说 淘宝 买 东西 后 整个 村子 都 震惊 村长 还 跑 家里 问 是不是 疯 媳妇 还 闹 离婚 说 日子 没法 面时 重重 压力 坚持 买 相信 月工资 没有 白花 终于 等到 快递 怀揣 激动 心情 颤抖 打开 包裹 打开 一刹那 赶紧 眼睛 都 亮 瞎 颜色 手感 质量 无法 华丽 语言 形容 只能 怪 读书 少 我举 骄傲 站 村口 村里 都 沸腾 更 有人 喊 不 看 跳井 赶紧 收起 宝贝 挤出 人群 落荒而逃 测试 效果 立刻 去 村高达 100 米 山上 村长 家里 完后 村长 眼光 里 扬长而去,我是我们村第一个在淘宝上买东西的人。这里大部分人是不网购的。他们买东西一般不起过5块钱，听说我在淘宝买东西后，整个村子都震惊了，村长还跑到我家里问我是不是疯了？媳妇还跟我闹离婚 说：日子没法过了，面时重重压力，我坚持要买。我相信这个月工资没有白花，终于等到快递，我怀揣着激动的心情，颤抖的打开包裹，打开的那一刹那，赶紧我的眼睛都亮瞎了 啊...这颜色这手感这质量无法用华丽的语言来形容，只能怪我读书少。我举着它，骄傲的站在村口，村里都沸腾了，更有人喊，我不给他看，他们就跳井。吓得我赶紧收起宝贝，挤出人群落荒而逃。为了测试效果 我立刻去我们村高达100米山上村长家里用，用完后，在我们村长的眼光里，扬长而去
终于 童年 梦想 ~,终于有了你，童年的梦想~
主机 收到 支持 国行 正品 试玩 一下 巫师 3 画质 真的 超级 棒,主机收到，支持国行正品.试玩了一下巫师3画质真的超级棒.
都 很 喜欢 ps,一直都很喜欢ps
包装 很赞 我整 大 箱子 愉快 打游戏,包装很赞👍，给我整那么大一个箱子😂。可以愉快打游戏了！
真棒,真棒
非常 完美 圆 儿时 梦 百度 办法 解锁 港服 2 年 保修 无 限制 游戏 商城,非常完美，圆了儿时的梦😄 按百度的办法可以解锁港服，2年保修+无限制游戏商城～
美 中 没有 不足 好评,美中没有不足，好评
很 好 发货 快 物流 快 纠结 很 久 打算 官方 旗舰店 买 多多 才 两千 出头 不太 信任 到货 后 第一 时间 打开 选港服 试玩 大表哥 2 一切顺利 最后 白色 好看 黑色 好看 很多 必须 好评,很好！发货快物流快，纠结了很久还是打算在官方旗舰店买，虽然某多多之类的才两千出头，但还是不太信任。到货后第一时间打开，选港服，试玩大表哥2，一切顺利。最后，白色好看！比黑色好看很多！必须好评！
蛮 好 想 买 很 久 可惜 双十 没 下单 紫色 手柄 没,蛮好的 想买很久了 可惜双十一没下单 紫色手柄没了
很棒 很 喜欢 打包 超级 给力 好大 箱子,很棒很喜欢，打包超级给力的，好大一个箱子啊。
新机 开封 自动 断电 官方 客服 要求 去 维修点 检查 刚开 机 问题 还 说 电压 不 稳定 试 几个 插头 都,新机开封自动断电，官方客服要求去维修点检查，刚开的机就有问题，还说电压不稳定，试过几个插头都一样，呸！
非常 棒 五星 好评 儿子 一起 玩,非常棒 ！ 五星好评，和儿子一起玩 ！
还 没 开箱 外包装 非常 给力 这种 包装 暴力 快递 都 没 损害 表扬,还没开箱，但外包装非常给力，这种包装暴力快递都没损害，表扬
高级 感 很 强 完胜 switch,高级感很强，完胜switch
好大 箱子 包 好 严实,好大一个箱子。。。包的好严实
快递 过来 保护 很 好 性能 超棒,快递过来保护的很好，性能超棒！！！
快递 小哥 很 贴心 收到 货时 看到 箱子 有个 破口 还 提醒 我要 不要 检查 下 万幸 没少 东西 装 好 体验 一下 感觉 一级 棒,快递小哥很贴心，收到货时看到箱子有个破口还提醒我要不要检查下，不过万幸是没少东西。装好体验了一下，感觉一级棒😁😁😁
非常 满意,非常满意
很 满意,很满意
索尼 大 牌子 值得 信赖 配上 大 尺寸 电视 画质 很棒 机器 目前 只用 两次 上班 太忙 没什么 时间 体验 看到 评论 说 很多 问题 会 担忧 春节 放长假 好好 体验 后 再 追加 评论 目前 来说 两次 使用 过程 中 暂时 未 出现 问题 重点 客服 服务 真的 很 不怎么样 服务 真的 跟上,索尼大牌子还是值得信赖的，配上大尺寸电视📺，画质还是很棒的。机器目前只用了两次，因为上班太忙了没什么时间体验😭一开始看到评论说有很多问题，自己也会担忧，待春节放长假好好的体验后再追加评论。目前来说，这两次使用过程中暂时未出现问题。重点是，客服服务真的很不怎么样，服务真的要跟上啊～😥
很 喜欢 中午 入手 超帅,一直很喜欢，中午入手了，超帅
从小 喜欢 打游戏 现在 总算 圆 梦 玩 几天 体验 非常 好,从小就喜欢打游戏，现在总算圆这个梦了，玩了几天体验非常好👍。
索尼 大法 还 说,索尼大法还能说啥么
送个 收纳 包 好,送个收纳包就好了
投美 智能 投影 接入 ps 效果 好 b 不是 电视 敢 说 最好 v6 hdmi 线 直接插入 大 屏 投美 v7,用投美 智能投影 接入ps 效果 好的一b 不是一般 电视 可以敢说 最好 用v6 用hdmi 线 直接插入 大 屏 投美 v7 也可以
好玩 每天 玩 不亦乐乎,好玩 每天玩的不亦乐乎
包装 完好 机型 美观 中意 样子 玩起来 真爽,包装完好，机型美观，是我中意的样子，玩起来真爽
发货 及时 游戏 太少 点 没 可选,发货及时，游戏太少了点，没啥可选。
物流 简直 神速 第一次 玩 ps4 好多 东西 都 不会 设置 游戏机 全新 配件 齐全 购买 游戏机 得来 官方 旗舰店,物流简直是神速，第一次玩ps4，好多东西都不会设置，游戏机全新，配件齐全，购买游戏机就得来官方旗舰店。
好东东 当然 喜爱,好东东，当然喜爱
高清晰度 好玩,高清晰度，好玩
真的 棒 ∇,真的棒(//∇//)
非常 好 非常 完美,非常的好！非常的完美！
入手 感觉 很 好 心满意足 下载 游戏 还 不是 很 懂 解锁 港服 家里 网速 不怎么 给力 看来 重新 买个 好 路由器 再 体验 线上,入手感觉很好 心满意足 就是下载游戏还不是很懂 解锁了港服 家里网速不怎么给力 看来得重新买个好的路由器再来体验线上了
非常 好 国行 已经 成功 登陆 港服 充值 会员 每月 免费 游戏 下载 玩起来 超爽 4k 电视 玩 非常 厉害 画质 真的 不错,非常好啊，国行已经成功登陆了港服，充值会员每月有免费游戏可以下载，玩起来超爽，用4k电视玩非常厉害了，画质真的不错了
很 好 很 满意,很好很满意
索尼 内部 可能 存在 盗用 顾客 优惠 代码 都 没用 显示 已经 使用 机子 还 没查 是不是 三网 合一 打个 电话 售后 去 几天 都 不 回 消息 辣鸡 早 知道 不买 售后 差得 要死 店大欺客 还好 没买 索尼 电视,索尼内部可能存在盗用顾客优惠代码，用都没用就显示已经使用过了，机子我还没查是不是三网合一。打个电话到售后去几天都不回消息，辣鸡早知道不买了，售后差得要死。店大欺客还好没买索尼电视
索尼 大法 好 终于 四 公主 接 回家 开心 ~ ~ ~ ~ 看到 巨大 箱子 寄过来 惊呆,索尼大法好！！！终于把四公主接回家了！！！😭开心~~~~看到是个巨大的箱子寄过来的时候，惊呆了😂
很 不错 过年 玩,很不错，过年有的玩了
还 不错 很 好,还不错，很好
头铁 亏 犹豫 会 败北 国服 还 好意思 办 会员 都 些 游戏 必须 注册 港服 求 卖 碟 好 店 血源 好玩,头铁不怕亏，犹豫就会败北。 国服还好意思让办会员？都是些啥游戏，必须注册港服。求一个卖碟的好店，血源好玩🐴？
东西 特别 好 特别 棒 老婆 都 特别 喜欢,东西特别的好特别的棒，我和我老婆都特别喜欢！
东西 很 不错 目前 玩 奥德赛 很 流畅 没 出现 掉 帧 情况 客服 不到 作用 四星,东西很不错，目前在玩奥德赛，很流畅，没出现掉帧的情况，不过客服起不到什么作用，给个四星吧
时光荏苒 岁月不居 活在 当下 快乐 游戏 感恩 新 时代,时光荏苒，岁月不居，活在当下，快乐游戏，感恩新时代😉😉😉
第一次 入手 游戏机 包装 特别 好 摆放 问题 试玩 游戏 更 更好,第一次入手游戏机，包装特别好。就是摆放的问题。试玩的游戏更多就更好了！！！
完后 全村人 羡慕 目光 中 仰首 挺胸 扬长而去,用完后，在全村人羡慕的目光中，仰首挺胸扬长而去。
非常 帅 老婆 很 喜欢 一起 嗨,非常帅，老婆也很喜欢！一起嗨
拥有 Sony 游戏机 都 儿时 梦想 现在 儿子 大 马上 放寒假 轻松 娱乐 一下 送 儿子 新年礼物 实现 儿时 梦想,拥有Sony游戏机一直都是我儿时梦想！现在儿子大了，马上放寒假了可以轻松娱乐一下，送儿子的新年礼物，也实现我儿时梦想！
东西 很快 第二天 港区 解锁 很 方便 港服 正版 不贵 战神 数学 版才 80 很 便宜 支付宝 支付 很 安全 很 方便 支付宝 里 直接 换算 很为 玩家 考虑 大家 放心 买国行,东西很快 第二天就到了 港区解锁也很方便 港服正版也不贵 战神数学版才80 很便宜 支付宝支付也很安全很方便支付宝里直接换算 很为玩家考虑 大家放心买国行
送 老公 礼物 玩 很 开心,送老公的礼物，他玩的很开心
超 喜欢 绿 迷彩 手柄,超喜欢绿迷彩手柄～
非常 好 帧 数 模式 下怪 猎太刀 耍 很 舒服,非常好！帧数模式下怪猎太刀耍的很舒服！！！
买 朋友 还 不错,买给朋友的 还不错
很 不错 物超所值 玩 一段时间 ps5 价格 下来 再 换,很不错，物超所值，等玩一段时间ps5价格下来啦再换
白色 真 好看,白色真好看
谢邀 整体 来说 实际效果 期待值 都 符合 ps4Pro 值得 拥有 很 期待 PS5 流畅 度 实际 体验 下来 都 非常 不错,谢邀，整体来说实际效果与期待值都符合，ps4Pro值得拥有（虽然很期待PS5），流畅度和实际体验下来都非常不错
快递 很 力 真品 很棒 很 兴奋,快递很给力，真品，很棒，很兴奋！
种草 好久 四 公主 终于 圆梦 包装 真的 好大 盒子 好评 备注 顺丰 快递 拆包 验货 现在 上 升级 系统 盘 还 没到 还好 提前 双十 一入 年 会 现在 下仁王 大爱 索尼,种草了好久的四公主终于圆梦了！包装真的好大的一盒子的好评，备注顺丰快递拆包验货，到现在连上升级系统，可以盘还没到，还好提前双十一入了年会，现在在下仁王，大爱索尼！
梦想 实现 继续 前行,梦想实现： )继续前行!
已经 开玩 棒 神机 神机,已经开玩了 棒！神机神机
出货 速度快 国行 版 买 放心,出货速度快，国行版买着放心
很 好 玩 上瘾 哈哈哈,很好👍玩上瘾了！哈哈哈
嗷,可以嗷 这个
支持 国行,哈哈 支持国行！
送 男朋友 生日礼物 很 喜欢 玩 之后 才 知道,送男朋友的生日礼物 他很喜欢 等他玩了之后才知道怎么样
玩 很 high nice,玩的很high哦～nice～
十分满意,十分满意
蛮 好,蛮好的
非常 不错 值得 推荐,非常不错，值得推荐！
很 不错 空闲 时间 玩一玩 很 放松,很不错，空闲时间玩一玩很放松
非常 不错 显示 清晰 真不愧是 PS4 Pro 4k 输出 非常 清晰 游戏 很 好玩 忍不住 大喊 一声 索尼 大法 好,非常不错，显示清晰，真不愧是PS4 Pro，4k输出非常清晰，而且游戏也很好玩，忍不住大喊一声，索尼大法好！
第一次 入手 ps4 还 期待 日后 感觉 目前 总体 感觉 很多 好,第一次入手ps4，还在期待日后的感觉，目前总体感觉很多好！
男朋友 很 喜欢 还 送 游戏 很 划算,男朋友很喜欢，还送一个游戏，很划算。
已经 玩 画质 没有 太好 玩游戏 年龄 主要 过年 小 客人 家里 玩玩,已经开始玩了，画质并没有太好，过了玩游戏的年龄，主要是过年小客人来家里可以玩玩
喜提 ps4,喜提ps4🎉🎉🎉
国行 ps4pro 真的 毕竟 按键 大法 买 全球 服 游戏 还 保修 玩神海 4 生化危机 2 重 制版 很 流畅 支持 国行,国行ps4pro真的可以，毕竟按键大法买全球服游戏还能保修，玩神海4和生化危机2重制版很流畅，支持国行！
电视机 带 这种 游戏 有点 吃力 型号 tcl65q9 3 32g,电视机带这种游戏还是有点吃力，型号tcl65q9，什么3+32g
游戏机 挺 好 玩 开心 新疆 乌鲁木齐 远 收到 货 很快 无损,游戏机挺好，玩的开心。新疆乌鲁木齐远，但收到货很快，而且无损。
配着 Sony 电视机 挺棒 最近 都 设置 机器 安装 游戏 心情 很 激动,配着Sony电视机用挺棒的，最近都在设置机器和安装游戏，心情很激动
东西 想象 中 还要 完美 十分 给力 值得 入手,东西比我想象中的还要完美，十分给力，值得入手
双十 当天 买 很快 收到 非常 喜欢 包装 相当 给力 已经 玩,双十一当天买的，很快就收到了，非常喜欢！包装相当给力啊，已经在玩啦
目前 没 大 问题 偶尔 一瞬间 掉 帧 情况 先 一阵 再 观望,目前没啥大问题 偶尔有一瞬间掉帧的情况 先用一阵再观望
男盆友 特别 喜欢 梦寐以求 很 高兴,男盆友特别喜欢，这是他梦寐以求的，我也很高兴。
很棒 平时 终于 大屏幕 上 打游戏,很棒啊，平时终于可以在大屏幕上打游戏了！
买 老公 这货 开心 晚上 女人爱 包包 化妆品 道理 小时候 钱 存在 储蓄罐 里 一分 一角 积少成多 如今 健康 一点一滴 储存 身体 里 日积月累 终将 美好,买给老公的，这货开心了一晚上，就像女人爱包包化妆品一个道理！ 小时候 我们把钱存在储蓄罐里 一分一角，积少成多 如今我们把健康 一点一滴储存在身体里 日积月累，终将美好
非常 满意 太 喜欢 太爱 快递 速度 太快 男朋友 收到 激动 哭,非常满意，太喜欢啦，太爱啦，快递速度太快啦，男朋友收到激动哭了！！！！！！！
终于 玩上 战神 4 很 好玩 非常 好 全 5 星 好评,终于玩上战神4了，很好玩，非常好，全5星好评。
玩 玩 半天 才 发现 手柄 无线 玩 … …,玩了可以 玩了半天才发现手柄可以无线玩……
机器 好评 一定 国服 线 上 服务 继续 加油 那点 游戏 真 不想 入 会员,机器给好评是一定的 国服的线上服务继续加油吧 你那点游戏我是真不想入会员
包装 贼 好 挺好用,包装贼好，也挺好用
男朋友 超级 喜欢,男朋友超级喜欢
物流 很快 无 破损 用后 评价,物流很快，无破损，用后评价
两个 游戏 不怎么 好玩,两个游戏不怎么好玩
很 不错 已经 玩 直接 注册 港服 爽歪歪,很不错，已经开始玩了，直接注册港服。爽歪歪
女儿 买 喜欢,给女儿买的喜欢
非常 好 不怎么 会 慢慢 学吧 发货 速度 特快 好评,非常好。就是不怎么会。慢慢学吧。发货速度特快。好评。
真棒 终于 圆 梦,真棒啊 终于圆了梦了
客服 苏宁 易购 客服 热情,客服比苏宁易购的客服热情多了
非常 棒 已经 沉迷,非常棒，已经沉迷其中
不错 来得 很快 起来 很 舒服 颜值,不错，来得很快。用起来也很舒服。😁😁😁😁有颜值
非常 好 全新 机器 很 刺激,非常好 全新机器 很刺激
不想 说 五星 好评,不想多说就是五星好评。
东西 收到 儿时 梦想 终于 实现,东西收到了，儿时的梦想终于实现了
礼物 非常 喜欢,给自己的礼物非常喜欢
非常 好 没有 拆过 机器,非常好 没有拆过的 机器
特别 棒 索尼 大法 好,特别棒，索尼大法好！！！！！
很 好玩 游戏 太 烧钱,很好玩游戏太烧钱
还 不错 希望 能用 住,还不错，希望能用住
玩 整 一天 非常 好,玩了整一天，非常好。
双手柄 真的 香 干 完事 奥力,双手柄真的香，干就完事了，奥力给
还好 目前 很棒,还好，目前很棒
玩 一天 还 不错,玩了一天，还不错
好 东西 没话说,好东西，没话说
ps4pro 真是 舒服,ps4pro真是舒服
太棒了 小时 梦,太棒了。小时的梦
太棒 爱,太棒啦，爱了
非常 满意,非常满意！
很 好 很 nice,很好很nice！
very good,very good
物流 很快 还 没有 开封 玩 再 追评,物流很快，还没有开封，等玩过再追评
刚装 上 开机 画面 太美 整体 机身 磨砂 质感 双手柄 更是 锦上添花 加油 奥力,刚装上开机画面太美了，整体机身磨砂质感，双手柄更是锦上添花，加油奥力给！
外 包装箱 好大 特别 大 缓震 措施 相当 好 游戏机 特别 好玩 PC 上 过瘾 没玩 来说 上 手 比较慢 需要 时间 适应 期待 ps5 上市,外包装箱好大，特别大，缓震措施相当好，游戏机也特别好玩，比PC上过瘾多了，对于没玩过的来说上手比较慢，需要时间适应，期待ps5上市。
已经 上 手 玩 很 不错 好评,已经上手开始玩了，很不错，好评
很 不错 玩,很不错，一直在玩👍🏻👍🏻👍🏻👍🏻
机器 暂时 没 发现 问题 玩起来 很爽 ps 小白 今天 入坑,机器暂时没发现有问题，玩起来也很爽。ps小白，今天开始入坑
刚 玩,刚开始玩
好大 箱子 机子 还 不错 玩 两天 小时候 玩 ps2 想 一台 属于 游戏机 目前 来看 很 不错,😂好大一个箱子。机子还不错，也玩了两天了，小时候玩ps2就想有一台属于自己的游戏机。目前来看还是很不错的
送给 钱 男友 生日礼物 挺 喜欢 必须 买 男孩子 都 喜欢 这种 带 手柄 东西 说 还 不错 不能 适配 三星 电视 很 郁闷 手柄 颜色 蓝色 很 好看 买 完事,送给钱男友的生日礼物～他一直挺喜欢这个！那就必须买！男孩子嘛都喜欢这种带手柄的东西～他说还不错啦！就是不能适配三星电视就很郁闷～手柄颜色蓝色也很好看！买就完事了！！
心心念念 四 公主 终于 包装 非常 好 好大 箱子 主机 没 问题 快递 速度 很快 完美 一次 购物,心心念念的四公主终于到了，包装非常好，好大一个箱子，主机也没问题，快递速度也很快，完美的一次购物。
游戏机 没 问题 正常 使用 买 套餐 齐天大圣 套餐 真的 很 无聊 游戏 玩 十分钟 一点 都 不想 玩 淘宝 上 想 问 游戏 店 卖家 有没有 回收 问 三四家 都 不收 游戏 市场 上 口碑 之差 每次 都 安慰 100 块钱 买 标价 高 游戏 不亏,游戏机没问题，正常使用。买的套餐，齐天大圣的套餐真的很无聊，游戏玩了十分钟我就一点都不想玩了，淘宝上想问游戏店卖家有没有回收的，问了三四家都是不收，可见这个游戏在市场上的口碑之差。每次都安慰自己100块钱买这个标价高的游戏，不亏😂
不错 中个 排名,不错，一样能中个排名
满意 购物 物流 超快 收到 一眼 好大 一箱 惊讶 惊喜 关键 还 送 手柄 目前 还 没 使用 大家 评论 应该 称心 疑问 还 请客 服 帮忙 解答 咯,满意的购物啊，物流超快，收到咋一眼：好大的一箱！ 惊讶又惊喜 关键还送了个手柄👍🏻👍🏻👍🏻 目前还没使用，根据大家评论应该称心，如有疑问还请客服帮忙解答咯
质量 很 好,质量很好
可能 大 男孩 快乐 箱子 很大 减震 不错 还 没 玩 先给 五星 希望 售后 不错,这可能就是一个大男孩的快乐吧，箱子很大，减震不错，还没开始玩，先给个五星，希望售后也不错
终于 玩到 PS4 之前 玩 都 鹅 厂 游戏 体验 不 游戏 概念 运行 没有 问题 实体 盘 加载 数字 版 游戏 运行 都 不错 加油 赚钱 买 游戏 PS5 ＾ ０ ＾ ~,终于玩到PS4了，之前玩的都是鹅厂游戏，体验了不一样的游戏概念，运行没有问题，实体盘加载和数字版游戏运行都不错，加油赚钱买游戏和等PS5＾０＾~
男朋友 买 生日礼物 反正 不 懂 男朋友 很 开心 哈哈哈哈 很 感谢 卖家 男朋友 生日 当天 礼物 很 力 物流 都 很 完美,给男朋友买的生日礼物 反正我是不懂 但是男朋友很开心 哈哈哈哈 很感谢卖家 在男朋友生日当天礼物到了 很给力的物流 一切都很完美 🌝
儿子 还 兴奋 看 大圣 归来 好 听 儿子 一句 话 五星 好评,我儿子比我还兴奋，为的就是看大圣归来，好吧，听我儿子一句话，五星好评。
本人 萌新 街霸 五 入手 ps4 送 街霸 五 垃圾 版 不能 升级 不能 购买 人物 没有 人 愿意 玩 版本 … 早该 下架 东西 还 出来 卖 坑人,本人萌新因为街霸五入手ps4，送的街霸五就是垃圾版，不能升级不能购买人物，没有人愿意玩的版本…早该下架的东西你们还拿出来卖坑人
漂亮 好 设计 喜欢 硬件 软件 细节,漂亮，好设计，喜欢从硬件到软件各个细节。
包装 超级 大 箱子 用心 买 放心 非常 好,包装超级大的箱子用心了，从这里买放心。非常好！
非常 完美 玩游戏 买 正版,非常完美，玩游戏就是要买正版
双十 特惠 活动 入 真香 应该 史 低价 ^ _ ^,双十一特惠活动入的，真香～应该是史低价了吧^_^
终于 拿到 梦寐以求 PS4pro nice 机器 很漂亮 玩 几下 体验 不错 很赞,终于拿到了梦寐以求的PS4pro，nice！ 机器很漂亮，玩了几下，体验不错，很赞！
很 nice 4k 画质 不要 太好 已经 成功 解锁 港区,可以很nice。4k画质不要太好。已经成功解锁港区
宝贝 到手 白色 很 喜欢,宝贝到手了，白色我很喜欢。
挺 好 全 五星 好评 从小 喜欢 玩游戏 终于 圆梦,挺好，全五星好评。从小喜欢玩游戏，终于圆梦了。
宝贝 很 超值 画面 清晰 期待 游戏 碟 到货 嗨 物流 很快,宝贝很超值！画面清晰！期待我的游戏碟到货就开始嗨了！物流很快！
ps4 时代 你好 海尔 电视 完全 没 问题,我的ps4时代你好！海尔电视完全没问题！
宝贝 很 好 老公 礼物 顺丰 快递 很 贴心 包装 非常 好 好多 防护 措施 老公 已经 玩 好久 不理,宝贝很好，给我老公的礼物，顺丰的快递也很贴心，包装的非常好，有好多的防护措施，我老公已经玩的好久不理我了😣😣😣
终于 圆梦 在线 下 游戏 有点 漫长 下次 买盘 试试,终于圆梦了 就是在线下游戏有点漫长 下次买盘来试试
包装 都 超级 棒,包装什么都超级棒
男朋友 超级 喜欢,男朋友超级喜欢💕
双 十二 入手 成功 入坑 电光 紫 手柄 赞,双十二入手，成功入坑，电光紫手柄赞👍
比较 好久 苏宁 易购 便宜 想 买 配色 没有 旗舰店 贵 150 左右 更 放心,比较了好久，苏宁易购便宜一些，但是想买的配色没有了在旗舰店贵了150左右，更放心一些
有点 小贵 游戏 体验 很 不错,有点小贵，但是游戏体验很不错。
老公 开心 傻子 到货 玩到 12 点 早晨 5 点 起来 玩 很棒 礼物 爱 死 出差 时 在家 呆住 投入产出 很值,老公开心的像个傻子！到货玩到12点，早晨5点又起来玩！很棒的礼物，他爱死了！ 在我出差时，可以让他在家呆住了！这投入产出比很值！
噢 力,噢力给
送给 喜欢 人 很 喜欢 激动 一天,送给喜欢的人 他很喜欢 激动了一天
完美 实现 儿时 梦想 已经 解锁 不错,完美实现儿时梦想。已经解锁，不错！
四星 好评 留一星 怕 骄傲,给你四星好评，留一星怕你骄傲
货已 收到 服务 机子 没 毛病 支持,货已收到，服务也好，机子没毛病！支持👍
还行 家里 添 大件,还行吧家里又添了一个大件
国行 价格 买 双手柄 套装 不错 嗨 玩起来,国行价格还是可以的 买了双手柄套装 不错～嗨玩起来
东西 很 好 包装 很 好,东西很好，包装也很好
非常 棒 拿到 以后 马上 买 大表哥 2 血源 诅咒 战神 特别 好 早买 早 享受 晚买 折扣,非常棒，拿到以后马上买了大表哥2，血源诅咒和战神。特别好，早买早享受，晚买等折扣😄
还行 买 完 降价 有点 小 不爽 买 碟 玩 目前 还 没 联网 不 知道 单机,还行买完就降价了，有点小不爽，买的碟玩的，目前还没联网，不知道怎么样，单机还是可以的
还 挺好玩 双人 模式,还挺好玩的，双人模式
圆 儿时 梦 完美,圆了儿时的梦，完美。
完美 解锁 港区,完美解锁港区
官方 正版 值得 信赖,官方正版，值得信赖
第一次 差评 建议 不要 这家 买 品质 没 保障 服务态度 极差 申请 退款 来回 运费 掏 都 不 退 大陆 版 游戏 没有 几个 良心 建议 买 港版 港版 游戏 价格 便宜,第一次给差评！建议不要在这家买，品质没保障，服务态度极差，申请退款来回运费我自己掏都不给退。大陆版游戏没有几个，良心建议买港版，港版游戏多价格又便宜
收到 还 不能 海信 电视 不 兼容 还 不 知道 效果 还 去 配个 电脑 … … 快递 挺快 包装 挺 好 再 买个 电视 看 可不可以,收到了，但是还不能用，海信电视不兼容，所以还不知道效果，还得去配个电脑……快递挺快，包装挺好的。再买个电视看可不可以用吧
还 没玩 今天 出门 刚刚 收到 看 下 包装 很 细心 气泡 袋放 很多 非常 好 回家 试试,还没玩，今天出门了，刚刚收到，看了下包装很细心，气泡袋放了很多，非常好。回家试试
喜欢 买 游戏 去 冲冲,喜欢，买游戏去了！冲冲！
游戏机 看起来 新 试玩 两三天 没有 问题 喜欢 放心 买,游戏机看起来是新的，试玩两三天了也没有问题，喜欢的可以放心买
机子 刚回来 还 没 弄 快递 还 快 谢谢,机子刚回来，还没弄呢，快递还快，谢谢
买来 送 男友 男朋友 很 喜欢 服务 不太 愉快 ps6 客服 太 死板 最终 处理 好 过程 很气 人,买来送男友的 男朋友很喜欢；不过服务不太愉快，ps6客服太死板了。虽然最终结果处理好了，但是过程很气人
正品 客服 耐心 服务 讲解 周到 好评,正品，客服耐心，服务讲解周到，好评！
东西 很 不错 包装 很 好 大 纸箱 包 小 机子,东西很不错包装也很好，用了一个大纸箱包一个小机子
东西 很 好 操作 很 简单 值得 拥有,东西很好 操作很简单 值得拥有
感觉 手柄 按键 手感 不好 有种 很 松动 感觉 机子 整体 不错,感觉手柄按键手感不好，有种很松动感觉。机子整体不错
,👍🏻
画面 运行 很 不错 确实 很 好 很 强大 只不过 有时候 光驱 会 有点 声音 没有 问题 应该 能玩个 几年,画面运行的很不错 确实很好很强大 只不过有时候光驱会有点声音 但是没有什么问题 应该能玩个几年
产品 不错 买 家里 领导 闲暇 时 打打 游戏 放松 一下,产品不错，买给家里领导的，闲暇时打打游戏，放松一下
非常 喜欢 送货 速度 超快 主机 手柄 都 非常 漂亮 手感 好 玩游戏 体验 超好 永远 喜欢 索尼,非常喜欢！送货速度超快，主机和手柄都非常漂亮手感好，玩游戏体验超好，我永远喜欢索尼！
很 好 送给 男朋友 都 婉拒 兄弟 峡谷 相邀 顺便 婉拒,很好，自从送给男朋友，他都婉拒了其他兄弟的峡谷相邀，顺便婉拒了我。
速度快 服务 好 心仪已久 宝贝,速度快，服务好，是自己心仪已久的宝贝
哈哈哈哈 港版 最近 降价 穿越 火线 真是 笑 死,哈哈哈哈港版最近降价，但是要穿越火线，真是笑死我了。
双十 好 优惠 真的 早 买 早 享受 爱,双十一好优惠 真的是早买早享受 爱了
买 男朋友 很 喜欢 到货 很快 都 说 早 买 早 享受 大家 快 买 起来 客服 人员 态度 很棒,买给男朋友 他很喜欢！到货很快 都说早买早享受 大家快买起来～客服人员态度也很棒
宝贝 已收 包装盒 机器 打开 都 完美 使用 一段时间 看看 追加,宝贝已收，包装盒机器打开都完美！在使用一段时间看看在追加！
使用 流畅 外观 大方 圆 儿时 游戏机 梦,使用流畅，外观大方，圆了儿时的一个游戏机梦
非常 满意 包装 很 用心 这是 一次 愉快 交易,非常满意，包装很用心，总之这是一次愉快的交易！
商品 机子 收到 物流 包裹 很 好 机子 到手 试了试 不是 很 懂 感觉 不错 好评,商品：机子收到了，物流包裹很好，机子到手试了试，不是很懂，不过感觉不错。好评
早早 做好 准备 当天 玩 夜里 3 点 快递 盒子 太大,早早的做好了准备，当天就玩到了夜里3点。另外，快递盒子也太大了吧
物流 超快 第二天 现在 游戏光盘 看 下 效果,物流超快，第二天就到了，现在就等游戏光盘看下效果怎样。
店铺 没有 差劲 腊鸡 说 注册 不 退 手柄 买来 380 没 几天 280 还 说 不 退 差价 完全 不想 第二次,店铺没有差劲 腊鸡 说注册了不给退，手柄买来380 没几天就280了，还说不给退差价 完全不想来第二次了
挺不错 双 12 买 价格 优惠 整了 台 奢侈,挺不错的，双12买的，价格有优惠，整了台，奢侈了。。。
下次 讲好 七天 无 理由 退货,下次讲好怎么七天无理由退货
不错 给力 画面 牛 逼 克拉斯,不错给力，画面牛逼克拉斯
不错 送货 很快 游戏光盘 应该 快 话 说 为啥 不 一起 发 快递,不错，送货很快，游戏光盘应该也快到了。话说，为啥不一起发快递？
很 不错 箱子 太大,很不错就是箱子太大了
非常 好 送 游戏 特别 烂 送货 挺快 双 十二 居然 两天,非常好，就是送的游戏特别烂，送货挺快的，双十二居然两天就到了
实现 梦想 玩 一段 看吧 现在 体验 非常 不错,实现梦想！玩一段时候在看吧，现在体验非常不错👍
对比 港服 价格 贵 游戏 送 差 问题 刚 买 完 降价 30,对比港服价格贵 游戏送的也差 问题是刚买完就降价30
49 年入 国军 东西 不错,49年入国军，不过东西不错。
老公 买 生日礼物 喜欢 很,给老公买的生日礼物，喜欢的很～
质量 很 好 毕竟 正品,质量很好，毕竟正品。
国行 质量 保障,国行质量就是有保障
效果 真棒 真的 牛 X,效果真棒啊 真的是牛X
买 箱子 送 游戏机 ~,买箱子送游戏机哦~
机器 很 好 发货 有点 慢 飞缘 魔 劝退 现在 吃 土中,机器很好，发货有点慢，飞缘魔劝退，现在吃土中
很 好 不错,很好，不错
男朋友 很 开心 不错 不错,男朋友很开心，不错不错
遇到 最差 店 强烈建议 买 主机 选 别家,遇到的最差的店，强烈建议买主机选别家！！！！
索尼 质量 没说的 可靠,索尼的质量没说的，可靠
PS4 挺不错 游戏 挺贵 买 游戏 送 PS4 机能 还 不错,PS4挺不错就是游戏挺贵，买游戏送PS4，机能还不错
索尼 大法 好 ✪ ▽ ✪ 客服 业务水平 有待 提高,索尼大法好(✪▽✪)就是客服业务水平有待提高
还 不错 质量 棒棒 哒,还不错，质量棒棒哒
真的 太棒了 游戏 渣 电脑 好太多,真的太棒了 要游戏比我渣电脑好太多了
很 好,很好👍
很 正规 旗舰店 不,很正规，旗舰店就是不一样
老公 非常 喜欢 质量 很 好,老公非常喜欢，质量很好
物流 快 一皮 包装 非常 给力 主机 非常 棒 非常 喜欢,物流快的一皮，包装非常给力，主机也非常棒，非常喜欢
男友 很 满意,男友很满意！
很 好 很 早就 想 买 犹豫 终于 入手,很好，很早就想买了，一直犹豫，终于入手。
活动 价 平时 体验 真的 太棒了 很 喜欢,活动价跟平时一样 体验真的太棒了 很喜欢
商品 产品质量 一级 棒,商品：产品质量一级棒！
官店 人 放心,官店还是让人放心一些。
相当 不错 满足 期待,相当不错，满足期待！
接下来 买 游戏,接下来就是买游戏了
信仰 充值 成功 古德,信仰充值成功。古德
买回来 玩 几天 后面 吃 灰,买回来玩了几天 后面开始吃灰🙈
物流 速度 挺快 宝贝 到手 算是 圆 儿时 梦想,物流速度挺快 ，宝贝到手了。也算是圆了自己儿时的一个梦想了
赞 已经 玩上,赞，已经玩上了
试过 很 不错 官方 购物 放心,试过了，很不错，官方购物放心。
很 骚气,很骚气，可以的
很酷 很棒 玩 很 愉快,很酷，很棒！玩的很愉快！
史上 最慢 顺丰 没有,史上最慢顺丰，没有之一
非常 满意 喜欢,非常满意喜欢
终于 圆梦 ´ ༎ ຶ Д ༎ ຶ `,终于圆梦了(;´༎ຶД༎ຶ`)
好多 都 要钱,好多都要钱的
٩ ๑ ` ^ ´ ๑ ۶,٩(๑`^´๑)۶我不管
太 喜欢 好,太喜欢了，好
很 好 很 不错,很好很不错
满意,👴🏿满意
非常 棒 卖家,非常棒的卖家
真的 圆 小时候 梦 还 记得 读书 同学 还 去 外面 店子 里面 现在 买 很 开心 少 一起 玩 人 买 份 情怀 机器 很 不错 包装 很大 箱子 目前 只 买 两个 游戏 游戏 不 便宜 双十 价格 比较 低 可能 几天 等待 比较 难熬 总体 来说 很 不错,真的是圆了小时候的一个梦，还记得读书的时候和同学还去外面店子里面打，现在能自己买，很开心，但是少了一起玩的人了！哎！买的是份情怀吧！机器很不错，包装是个很大的箱子，目前只买了两个游戏，游戏也不便宜啊！😂😂双十一价格比较低了，就是可能多等了几天吧！等待比较难熬！总体来说还是很不错！
好评 多年 终于 入手,好评！等了这么多年终于入手了
毕竟 旗舰店,毕竟旗舰店嘛
物流 非常 满意,物流非常满意
很 不错 很 不错 下次 还来,很不错，很不错，下次还来
已经 玩上 很 不错,已经玩上了，很不错
全新 国行 好评,全新国行，好评
不错,不错，用用再说
非常 喜欢,非常喜欢。
质量 非常 好 包装 很 好 刷 港服 之后 好多 游戏 都 打折 我用 100m 天威 宽带 很快 游戏 一两个 小时 下载 完 hdr 显示器 不 支持 不了 买回来 第一天 黑屏 一次 重启 后 好 再也 没 出现 质保 不怎么 担心 明年 换 ps5,质量非常好，包装很好，刷了港服之后，好多游戏都打折，我用100m天威宽带连的也很快，一个游戏一两个小时就下载完，hdr如果显示器不支持的话用不了。买回来第一天黑屏了一次，重启后就好了，再也没出现过。有质保不怎么担心，明年就换ps5啦
不错 很 好,不错，很好。
第一 这是 国行 版 自带 游戏 有点 少 介意 慎拍 需要 一点 操作 解锁 直接 买盘 PS4Pro 基本 玩 为主 合家欢 考虑 友商 顺丰 很快 第三 机子 完美 配上 4k 电视 非常 舒服 机子 第一次 玩弄 几个 小时 搭配 网上 攻略 上手 还 比较 快,第一 这是国行版 自带游戏有点少 介意慎拍 需要一点操作解锁或者直接买盘 PS4Pro基本是自己玩为主 合家欢考虑友商 第二 顺丰很快 第三 机子完美 配上4k电视非常舒服 机子第一次玩弄了几个小时 搭配网上攻略 上手还比较快
已经 开机 注册 国服 账号 买 三个 月 psplus 机子 先到 游戏 还 路上 醉 玩 两把 商店 里 免费 游戏 手柄 很 舒服 免费 游戏 没什么 好耍 明天 游戏 到家 再 看 好玩 不,已经开机注册国服账号，买了三个月psplus，机子先到，游戏还在路上我也是醉了。玩了两把商店里免费的游戏，手柄很舒服，免费游戏没什么好耍的，明天游戏到家再看好玩不
宝贝 很赞 买 建议 找个 方便 在家 快递 小哥 时间 点 快递 太大 能装 下 170 110 大箱子 东西 真的 不错 初始 默认 国服 百度 操作 改港服 美服,宝贝很赞。要买的建议找个方便自己在家等快递小哥的时间点。因为快递太大了，一个能装下我(170-110)还有的多的大箱子。东西是真的不错。初始默认国服，不过可以自己百度操作改港服，美服啥的
老公 生日礼物 心心念念 很久 终于 拔草 游戏机 挺 棒棒 这种 菜鸟 来说 操作 难到 登天 … 反正 不是 买 从此 电视 霸占 … … 丢 丢 小 忧伤,给老公的生日礼物🎁他心心念念很久啦 终于拔草了，游戏机挺棒棒的，虽然对我这种菜鸟来说各种操作难到登天，但…反正不是买给我的，不过从此电视被霸占……还是有一丢丢小忧伤
收到 货 玩儿 会儿 起晚 现在 才 评价 大圣 归来 游戏 不错 看 电影 还 玩儿 会儿 底特律 变人 喜欢 一类 游戏 游戏机 运行 起来 很 安静 画面 非常 好 第一次 玩儿 适应 一下 看来 以后 要入 坑 买 游戏,收到货玩儿了会儿，所以起晚了现在才评价，大圣归来这游戏也不错，就跟看电影一样，还玩儿了会儿底特律变人，喜欢这一类的游戏。游戏机运行起来很安静，画面非常好，第一次玩儿，所以得适应一下，看来以后要入坑买游戏了😄
买 老公 生日礼物 收到 很 开心 索尼 东西 质量 好 双十 一买 很 划算 棒棒 哒,买给老公当生日礼物，收到很开心，索尼的东西质量就是好，双十一买的也很划算，棒棒哒。
很 喜欢 不错,很喜欢，不错
人生 第一次 主机 双十 很 实惠 入 很 高兴 包装 大家风范 官方 店 放心 开心 以后 放松 玩 入 第一个 游戏 雷曼 传奇 带 孩子 玩 掩饰 玩 本质 哈哈哈 …,人生的第一次主机，趁着双十一，很实惠，入了，很高兴，包装有大家风范，官方店放心，开心，以后放松就玩他了，入的第一个游戏雷曼传奇，可以带着孩子玩，以掩饰自己玩的本质，哈哈哈哈哈…。
非常 喜欢,非常喜欢的
发货 超快,发货超快
ps4 都 末期 厂家 用料 都 应付 事儿 多亏 性能 还 算 不 呵呵 想 买 小伙伴 不介意 买来 玩 总提 来说 还 不错 最后 说 下 客服 服务 真心 差 问 问题 半天 影响 购物 体验,ps4都到末期了，厂家用料都在应付事儿。多亏性能还算可以要不呵呵。想买的小伙伴如果不介意可以买来玩。总提来说还不错。最后说下客服。服务真心差。问一个问题等半天 ，影响购物体验。
不错 双十 一买 四天 迫不及待 去取 件 包装 满分 巨大 箱子 女 汉子 人 搬 上楼 装 好 机子 之后 注册 账号 买 会员 买 游戏 准备 男朋友 回家 之后 惊喜 后来 一起 玩 分手 厨房 半夜 哈哈哈哈 哈哈哈哈,不错，双十一买的，四天就到了！！迫不及待去取件，包装满分，巨大一个箱子，女汉子一个人搬上楼。装好机子之后注册账号、买会员、买游戏，准备男朋友回家之后给他一个惊喜。后来就一起玩分手厨房到半夜了哈哈哈哈哈哈哈哈
男朋友 想要 正好 双十 买来 生日礼物 送 忍不住 先装 好 瘾 画质 十分 感人 手柄 还 很 带感 ~,男朋友一直想要，正好双十一买来当生日礼物送他，自己忍不住先装好过了把瘾! 画质十分感人!手柄还很带感~
主机 非常 棒 原封 国行 小白 买 之前 做 很多 功课 上 手 比较 快 准备 买点 游戏 玩玩 我妈 说 30 大几 还 打游戏 好 尴尬 明明 接 孩子 名义 买 嘻嘻,主机非常棒，原封国行我是小白买之前做了很多功课，上手比较快，准备买点游戏玩玩，我妈说我30大几了还打游戏，我好尴尬明明是接孩子名义买的，嘻嘻
盼望 两年 东西 双十 活动 终于 买 明年 ff7 主机 全新 官方 放心 快递 包装 很 好,盼望了两年的东西，双十一活动终于买 了，就等明年ff7，主机全新的，果然还是官方的放心，哈哈，快递包装的也很好
双十 一买 挺 划算 可能 PS5 快要 出 4 降价 年轻 玩 玩吧 粉色 专属 手柄,双十一买的还是挺划算的 可能PS5快要出了 4也降价了 趁着年轻能玩就玩吧 粉色是我的专属手柄
小时候 玩过 一代 后 原因 没 继续 现有 机会 继续 追逐 梦 买 主机 主要 玩上 顶级 大作 配合 小米 55 寸 4k 电视 玩 战神 画质 超赞 PS5 已经 等不及,小时候玩过一代后各种原因没能继续，现有机会能继续追逐自己的梦，买主机主要还是因为可以玩上顶级大作，配合小米55寸4k电视玩战神画质超赞啊！PS5已经等不及了！
很 不错 性能 完美 全新 配 上 底座 风冷 整体 温度 觉得 白色 更 舒服,很不错，性能完美，全新，配上底座的风冷整体温度还是可以的，觉得白色还是更舒服一些。
非常 棒 喜欢 好久 终于 到手 有人 说 PS5 快出 等一等 说 没事 出 再 买 哈哈哈 喜欢 索尼 ٩ ۶,非常棒！喜欢好久了，终于到手了！有人跟我说PS5快出了，叫我等一等，我说没事，出了再买！哈哈哈！就是喜欢索尼٩😍۶
第一个 入手 ps4 好多 问题 都 不 理解 感谢 客服 耐心 解答 手柄 玩游戏 感觉 很 舒服 有个 弱点 玩游戏 时 停电 这时候 还 光盘 玩游戏 可能 会 损伤 主机 建议 国行 店主 索尼 反馈 一下 最好 ps5 发售 后能 解决 问题 个人 意见 支持 国行 正版 pd4,第一个入手ps4有好多问题都不理解，感谢客服耐心解答，手柄玩游戏感觉很舒服，但是有个弱点，玩游戏时万一停电而且你这时候还在用光盘玩游戏可能会损伤主机，建议国行店主能向索尼反馈一下，最好能在ps5发售后能解决这个问题，个人意见，支持国行正版pd4
好评 心心念念 好久 东西 终于 入手 暮年 仍然 值得 拥有 不 后悔 行货 正品 保障,好评，心心念念好久的东西终于入手，虽说是暮年但是仍然值得拥有不后悔。行货正品有保障
包装 超好 … 很大 箱子 很多 填充物 东西 还 没玩 应该 错 不了,包装超好…很大的一个箱子 还有很多填充物 东西还没玩 不过应该错不了
完美 机子 正品 买 正牌 机 建议 大家 官网 上面 买,完美的，机子正品，要买正牌机建议大家还是得在官网上面买
试着 玩 一下 很 流畅 画质 很 好 头 一次 买 这种 东西 注册 比较 麻烦 还好 说明书 很 力,试着玩了一下，很流畅，画质很好，就是头一次买这种东西，注册的时候比较麻烦，还好说明书很给力。
没 毛病 一点 就亮 圆 儿时 梦想 包裹 箱子 巨大 都 塞进去,没毛病，一点就亮，圆了儿时的梦想，就是包裹的箱子巨大，都可以把我塞进去了😂😂
游戏机 买 男票 骚 紫色 手柄 配 体验 感 很棒 不爱 玩游戏 都 爱 上 开车 努力 赚钱 买 游戏 碟片,游戏机是买给男票的，骚紫色手柄是我给自己配的，体验感很棒，不爱玩游戏的我都爱上了开车，努力赚钱买游戏碟片吧～
太棒了 正在 安装 大表哥 我要 通宵 连战 三天三夜 滚开 不要 拦,太棒了，正在安装大表哥，我要通宵连战三天三夜，滚开！不要拦我
